,Open,High,Low,Close
2025-04-28-1,158,160,140,152.05226
2025-04-28-2,152,161,144,152.44218
2025-04-28-3,158,162,142,154.09073
2025-04-28-4,161,162,141,155.02562
2025-04-28-5,160,160,140,155.1102
2025-04-28-6,159,161,146,153.038
2025-04-28-7,160,161,143,156.19191
2025-04-28-8,152,162,140,153.86812
2025-04-28-9,157,163,143,152.93977
2025-04-28-10,154,164,145,154.4096
2025-04-28-11,157,166,145,154.85982
2025-04-28-12,159,167,146,156.05573
2025-04-28-13,158,168,148,157.18855
2025-04-28-14,161,168,147,158.2373
2025-04-28-15,166,167,149,158.13219
2025-04-28-16,164,169,149,159.63127
2025-04-28-17,167,169,148,161.3324
2025-04-28-18,162,170,149,160.46483
2025-04-28-19,167,171,153,159.97844
2025-04-28-20,170,172,151,164.27069
2025-04-28-21,171,171,151,164.216
2025-04-28-22,164,172,151,163.07637
2025-04-28-23,164,171,152,162.41304
2025-04-28-24,155,172,153,160.4573
2025-04-28-25,169,172,152,161.62737
2025-04-28-26,168,173,152,163.39436
2025-04-28-27,171,174,153,164.53403
2025-04-28-28,168,173,153,165.11328
2025-04-28-29,165,173,152,163.72627
2025-04-28-30,167,172,152,163.72746
2025-04-28-31,164,173,152,163.5573
2025-04-28-32,165,174,153,162.56813
2025-04-28-33,168,174,153,164.26448
2025-04-28-34,173,173,156,165.45389
2025-04-28-35,169,174,156,166.72495
2025-04-28-36,159,175,155,165.33687
2025-04-28-37,168,176,157,163.52748
2025-04-28-38,167,176,157,166.05856
2025-04-28-39,170,176,155,166.42728
2025-04-28-40,168,176,155,164.83513
2025-04-28-41,167,176,156,165.57208
2025-04-28-42,171,177,159,166.27966
2025-04-28-43,174,178,156,168.89297
2025-04-28-44,170,178,158,168.30725
2025-04-28-45,168,179,158,167.39659
2025-04-28-46,167,181,160,167.5672
2025-04-28-47,178,181,160,169.39569
2025-04-28-48,170,181,163,171.08464
2025-04-28-49,176,181,161,171.2242
2025-04-28-50,173,182,161,171.5891
2025-04-29-1,174,183,163,170.7854
2025-04-29-2,180,184,165,173.21635
2025-04-29-3,177,186,165,174.75603
2025-04-29-4,170,187,167,172.994
2025-04-29-5,184,188,168,175.31726
2025-04-29-6,182,189,168,178.3666
2025-04-29-7,187,189,169,178.53882
2025-04-29-8,185,189,172,180.10872
2025-04-29-9,181,189,168,180.71674
2025-04-29-10,182,188,170,177.75182
2025-04-29-11,184,188,169,179.21411
2025-04-29-12,183,187,165,178.90062
2025-04-29-13,171,187,166,175.58711
2025-04-29-14,171,188,166,172.48822
2025-04-29-15,180,189,168,174.99728
2025-04-29-16,182,187,167,177.73819
2025-04-29-17,182,188,170,177.41286
2025-04-29-18,181,188,168,178.4404
2025-04-29-19,182,189,168,177.74579
2025-04-29-20,185,189,167,178.73227
2025-04-29-21,188,188,167,179.5937
2025-04-29-22,183,189,167,179.24107
2025-04-29-23,182,190,171,179.37282
2025-04-29-24,181,191,171,178.79285
2025-04-29-25,184,192,172,179.7525
2025-04-29-26,180,191,170,179.17197
2025-04-29-27,186,190,172,179.78523
2025-04-29-28,174,190,172,179.38066
2025-04-29-29,186,190,171,179.02399
2025-04-29-30,178,190,169,179.81429
2025-04-29-31,189,190,170,178.25061
2025-04-29-32,185,190,169,181.25758
2025-04-29-33,181,190,170,179.50664
2025-04-29-34,188,191,169,179.79301
2025-04-29-35,190,190,169,181.68468
2025-04-29-36,185,190,171,180.93008
2025-04-29-37,189,190,172,179.41371
2025-04-29-38,185,189,171,181.74556
2025-04-29-39,176,189,169,178.63399
2025-04-29-40,175,189,169,175.70718
2025-04-29-41,179,189,168,176.4651
2025-04-29-42,180,189,169,176.95178
2025-04-29-43,179,189,169,177.49893
2025-04-29-44,183,189,169,178.25832
2025-04-29-45,174,188,168,176.96005
2025-04-29-46,178,187,168,175.14075
2025-04-29-47,179,187,169,176.34673
2025-04-29-48,184,188,168,176.31464
2025-04-29-49,185,190,170,179.33406
2025-04-29-50,186,190,171,180.42839
2025-04-30-1,187,191,171,179.23363
2025-04-30-2,184,191,170,180.99582
2025-04-30-3,176,191,170,177.90523
2025-04-30-4,184,192,172,179.3432
2025-04-30-5,189,193,174,181.88356
2025-04-30-6,186,194,175,183.415
2025-04-30-7,191,194,173,184.10983
2025-04-30-8,185,194,173,183.4945
2025-04-30-9,186,194,172,182.44342
2025-04-30-10,182,193,174,180.95267
2025-04-30-11,190,193,174,182.3502
2025-04-30-12,188,192,173,184.39972
2025-04-30-13,184,193,172,182.08456
2025-04-30-14,188,192,172,181.88928
2025-04-30-15,189,193,173,182.51959
2025-04-30-16,191,193,172,183.8507
2025-04-30-17,179,193,173,181.4014
2025-04-30-18,190,195,174,182.16205
2025-04-30-19,180,195,176,182.46886
2025-04-30-20,191,197,176,183.40437
2025-04-30-21,190,197,176,185.50633
2025-04-30-22,195,197,176,186.4658
2025-04-30-23,194,196,176,187.89606
2025-04-30-24,193,195,175,185.92992
2025-04-30-25,190,195,174,185.95905
2025-04-30-26,181,196,176,183.63359
2025-04-30-27,188,195,173,184.20003
2025-04-30-28,185,193,173,182.87744
2025-04-30-29,186,192,172,182.4378
2025-04-30-30,190,193,174,180.94135
2025-04-30-31,189,191,171,184.01108
2025-04-30-32,188,189,170,182.5744
2025-04-30-33,186,188,171,180.85059
2025-04-30-34,182,191,171,179.80254
2025-04-30-35,184,190,169,180.34694
2025-04-30-36,183,192,171,179.29953
2025-04-30-37,185,193,172,180.75374
2025-04-30-38,177,193,173,182.09676
2025-04-30-39,186,194,174,180.39096
2025-04-30-40,188,197,177,183.18611
2025-04-30-41,191,198,176,185.80759
2025-04-30-42,187,197,178,185.90067
2025-04-30-43,184,197,176,184.19202
2025-04-30-44,190,198,178,184.44049
2025-04-30-45,192,200,179,186.95949
2025-04-30-46,192,200,180,188.50694
2025-04-30-47,197,197,179,189.4337
2025-04-30-48,192,197,176,189.14288
2025-04-30-49,197,197,178,187.07669
2025-04-30-50,188,198,177,187.63135
2025-05-01-1,193,198,178,186.78578
2025-05-01-2,194,198,179,187.97339
2025-05-01-3,193,198,178,188.71828
2025-05-01-4,186,196,178,186.2208
2025-05-01-5,194,196,177,186.11676
2025-05-01-6,185,195,176,185.10413
2025-05-01-7,190,193,176,181.53279
2025-05-01-8,190,192,175,184.30496
2025-05-01-9,181,192,172,183.18143
2025-05-01-10,189,191,171,181.26114
2025-05-01-11,186,190,170,181.79826
2025-05-01-12,179,188,168,179.28008
2025-05-01-13,181,187,168,177.33202
2025-05-01-14,185,187,167,176.77373
2025-05-01-15,184,188,168,178.22694
2025-05-01-16,182,189,170,178.3666
2025-05-01-17,188,188,168,179.99434
2025-05-01-18,180,188,169,178.80745
2025-05-01-19,177,190,170,178.07263
2025-05-01-20,186,190,171,178.7708
2025-05-01-21,181,191,171,180.39526
2025-05-01-22,188,192,172,180.72067
2025-05-01-23,180,192,172,181.16196
2025-05-01-24,190,193,173,181.24747
2025-05-01-25,182,194,173,182.31088
2025-05-01-26,177,194,174,179.884
2025-05-01-27,191,196,176,181.51218
2025-05-01-28,193,197,177,186.08461
2025-05-01-29,192,197,178,187.04211
2025-05-01-30,194,198,179,187.17564
2025-05-01-31,195,199,179,188.71828
2025-05-01-32,193,198,178,188.73663
2025-05-01-33,189,197,178,186.80472
2025-05-01-34,197,197,177,187.52498
2025-05-01-35,190,197,177,187.48462
2025-05-01-36,189,197,177,186.0289
2025-05-01-37,193,196,176,186.9886
2025-05-01-38,180,199,177,183.58397
2025-05-01-39,195,200,178,185.1267
2025-05-01-40,198,199,179,189.5703
2025-05-01-41,192,198,177,189.16624
2025-05-01-42,191,195,176,187.03404
2025-05-01-43,184,196,177,184.3292
2025-05-01-44,190,196,177,184.97064
2025-05-01-45,178,197,176,183.69125
2025-05-01-46,184,197,179,181.83698
2025-05-01-47,190,196,176,185.46437
2025-05-01-48,183,194,175,183.93279
2025-05-01-49,190,193,173,183.48665
2025-05-01-50,189,193,173,183.66986
2025-05-02-1,176,193,172,183.26802
2025-05-02-2,185,192,171,179.84293
2025-05-02-3,186,192,171,181.16841
2025-05-02-4,181,192,171,180.21313
2025-05-02-5,172,192,172,178.59766
2025-05-02-6,186,191,171,178.81488
2025-05-02-7,172,190,170,180.01372
2025-05-02-8,187,191,173,177.92854
2025-05-02-9,181,189,168,180.9023
2025-05-02-10,183,190,169,178.13843
2025-05-02-11,180,191,170,178.89897
2025-05-02-12,184,191,171,179.78523
2025-05-02-13,180,191,173,179.98679
2025-05-02-14,190,190,172,181.38885
2025-05-02-15,186,188,168,182.14693
2025-05-02-16,181,187,168,178.78055
2025-05-02-17,182,186,166,177.7397
2025-05-02-18,182,187,167,176.87305
2025-05-02-19,180,188,168,177.2196
2025-05-02-20,181,190,169,176.57317
2025-05-02-21,183,191,172,178.2916
2025-05-02-22,186,193,173,180.89505
2025-05-02-23,185,195,175,182.45131
2025-05-02-24,184,195,176,182.54904
2025-05-02-25,186,196,177,183.45871
2025-05-02-26,190,196,177,184.02634
2025-05-02-27,189,197,177,185.63454
2025-05-02-28,196,198,179,186.79393
2025-05-02-29,187,197,176,187.57526
2025-05-02-30,194,197,176,185.8417
2025-05-02-31,188,197,175,185.93521
2025-05-02-32,177,195,175,182.01819
2025-05-02-33,186,196,177,181.4713
2025-05-02-34,194,196,177,185.77528
2025-05-02-35,183,195,176,185.49306
2025-05-02-36,185,196,178,183.25113
2025-05-02-37,180,195,177,184.35408
2025-05-02-38,186,198,178,182.77556
2025-05-02-39,197,200,182,187.10034
2025-05-02-40,194,200,182,191.15985
2025-05-02-41,192,202,182,189.94887
2025-05-02-42,196,202,183,190.32254
2025-05-02-43,197,203,183,191.69386
2025-05-02-44,200,203,185,192.68921
2025-05-02-45,197,203,184,193.0217
2025-05-02-46,199,203,183,192.6403
2025-05-02-47,201,204,185,193.49808
2025-05-02-48,197,203,184,193.82204
2025-05-02-49,191,205,185,191.07704
2025-05-02-50,199,206,185,192.32607
2025-05-06-1,227,227,208,194.58821
2025-05-06-2,212,227,206,216.53027
2025-05-06-3,218,226,207,212.08423
2025-05-06-4,220,225,204,213.8881
2025-05-06-5,207,221,201,210.5006
2025-05-06-6,210,220,202,206.92249
2025-05-06-7,210,220,201,208.09076
2025-05-06-8,212,220,202,207.54979
2025-05-06-9,215,221,201,208.70908
2025-05-06-10,209,219,200,208.40671
2025-05-06-11,212,219,201,206.40047
2025-05-06-12,218,220,201,208.75752
2025-05-06-13,212,221,202,209.03426
2025-05-06-14,220,221,202,207.92181
2025-05-06-15,213,221,201,210.3955
2025-05-06-16,206,221,202,207.19594
2025-05-06-17,214,220,203,207.84537
2025-05-06-18,219,220,201,209.86903
2025-05-06-19,213,221,202,209.83826
2025-05-06-20,214,221,200,209.1205
2025-05-06-21,213,219,200,208.64381
2025-05-06-22,216,220,201,207.63614
2025-05-06-23,219,219,201,209.99849
2025-05-06-24,207,217,196,208.45
2025-05-06-25,209,215,195,204.00868
2025-05-06-26,209,217,198,203.68373
2025-05-06-27,205,215,197,203.93205
2025-05-06-28,207,215,197,202.93965
2025-05-06-29,207,214,196,203.55618
2025-05-06-30,213,214,194,203.99739
2025-05-06-31,206,212,194,202.99358
2025-05-06-32,206,212,189,200.73146
2025-05-06-33,200,207,188,198.23189
2025-05-06-34,202,208,189,195.82883
2025-05-06-35,202,209,189,197.37827
2025-05-06-36,199,210,191,197.38258
2025-05-06-37,194,210,190,196.46405
2025-05-06-38,209,209,190,197.2321
2025-05-06-39,200,209,190,199.38647
2025-05-06-40,205,209,191,197.50291
2025-05-06-41,206,211,192,197.91016
2025-05-06-42,200,212,192,199.84526
2025-05-06-43,211,212,194,198.00446
2025-05-06-44,211,213,192,203.5517
2025-05-06-45,197,211,192,200.11336
2025-05-06-46,208,211,192,199.1387
2025-05-06-47,208,211,191,200.65741
2025-05-06-48,203,212,194,200.31453
2025-05-06-49,204,212,192,200.69281
2025-05-06-50,210,211,193,201.0032
2025-05-07-1,209,209,190,200.43562
2025-05-07-2,201,211,188,199.18994
2025-05-07-3,199,206,187,196.4472
2025-05-07-4,186,205,186,194.29387
2025-05-07-5,195,206,185,191.62462
2025-05-07-6,197,206,187,193.55688
2025-05-07-7,198,206,186,194.46346
2025-05-07-8,187,206,183,191.98306
2025-05-07-9,199,203,181,190.4219
2025-05-07-10,193,201,182,192.22678
2025-05-07-11,198,201,181,190.52606
2025-05-07-12,189,199,179,188.88428
2025-05-07-13,189,199,179,186.90355
2025-05-07-14,182,200,180,185.34743
2025-05-07-15,190,200,179,185.79456
2025-05-07-16,189,199,182,187.11668
2025-05-07-17,189,198,179,187.53871
2025-05-07-18,189,197,178,186.89836
2025-05-07-19,190,197,176,185.7734
2025-05-07-20,189,195,177,186.27118
2025-05-07-21,190,196,177,185.42133
2025-05-07-22,188,197,177,185.44006
2025-05-07-23,188,198,177,185.41867
2025-05-07-24,189,197,179,186.59114
2025-05-07-25,194,198,179,186.30931
2025-05-07-26,191,199,178,188.52332
2025-05-07-27,194,196,176,187.75706
2025-05-07-28,194,197,177,187.09805
2025-05-07-29,188,196,176,186.66594
2025-05-07-30,181,195,174,184.10039
2025-05-07-31,188,193,175,182.34789
2025-05-07-32,178,191,171,182.57812
2025-05-07-33,185,190,169,179.13109
2025-05-07-34,178,189,173,177.959
2025-05-07-35,185,189,168,179.22026
2025-05-07-36,185,187,169,178.96649
2025-05-07-37,185,189,168,179.29521
2025-05-07-38,187,187,167,179.54721
2025-05-07-39,184,188,167,178.06053
2025-05-07-40,173,185,165,175.5151
2025-05-07-41,181,186,165,174.66602
2025-05-07-42,173,185,166,175.36082
2025-05-07-43,182,186,167,175.19896
2025-05-07-44,183,187,167,177.4067
2025-05-07-45,178,187,170,176.84682
2025-05-07-46,180,186,166,177.41356
2025-05-07-47,180,185,166,176.45947
2025-05-07-48,182,186,166,175.68115
2025-05-07-49,175,185,165,176.67989
2025-05-07-50,182,186,166,174.88649
2025-05-08-1,178,186,165,177.25948
2025-05-08-2,183,187,166,175.89865
2025-05-08-3,180,187,166,176.8928
2025-05-08-4,186,186,164,177.43152
2025-05-08-5,178,186,165,176.24661
2025-05-08-6,177,187,165,175.31981
2025-05-08-7,175,186,166,174.15567
2025-05-08-8,179,186,167,174.26927
2025-05-08-9,182,186,166,177.17245
2025-05-08-10,173,185,164,175.3287
2025-05-08-11,172,185,171,172.59299
2025-05-08-12,180,186,166,175.72932
2025-05-08-13,169,187,166,173.56703
2025-05-08-14,179,188,167,174.77037
2025-05-08-15,185,188,168,176.99158
2025-05-08-16,179,187,166,178.1867
2025-05-08-17,175,185,164,175.48701
2025-05-08-18,185,185,163,175.12477
2025-05-08-19,177,184,163,176.0797
2025-05-08-20,180,185,164,174.03476
2025-05-08-21,173,183,162,174.0368
2025-05-08-22,162,182,161,169.21175
2025-05-08-23,171,181,160,168.3294
2025-05-08-24,176,181,160,169.6434
2025-05-08-25,176,181,161,171.4417
2025-05-08-26,179,183,163,171.78143
2025-05-08-27,177,183,163,173.67044
2025-05-08-28,179,182,162,173.64297
2025-05-08-29,181,182,161,171.78415
2025-05-08-30,174,181,160,173.20407
2025-05-08-31,176,182,161,170.83733
2025-05-08-32,172,182,163,171.4034
2025-05-08-33,172,182,161,171.45079
2025-05-08-34,176,181,160,171.15587
2025-05-08-35,163,182,161,168.94481
2025-05-08-36,179,183,162,169.87746
2025-05-08-37,178,181,160,172.75278
2025-05-08-38,173,180,160,171.66158
2025-05-08-39,178,180,159,171.2012
2025-05-08-40,171,180,158,170.16191
2025-05-08-41,172,180,159,168.95789
2025-05-08-42,174,180,160,169.50307
2025-05-08-43,167,179,159,169.48628
2025-05-08-44,177,180,161,169.04265
2025-05-08-45,180,180,159,172.55829
2025-05-08-46,171,179,158,170.76581
2025-05-08-47,177,179,158,169.91083
2025-05-08-48,178,179,159,170.95502
2025-05-08-49,175,179,159,170.92395
2025-05-08-50,179,179,159,169.72981
2025-05-09-1,164,179,162,171.89946
2025-05-09-2,172,179,158,168.868
2025-05-09-3,172,179,158,168.38954
2025-05-09-4,171,179,157,168.96498
2025-05-09-5,171,179,158,168.03642
2025-05-09-6,167,179,158,167.41737
2025-05-09-7,176,179,160,168.12808
2025-05-09-8,175,180,159,171.04381
2025-05-09-9,176,179,158,170.88925
2025-05-09-10,165,178,158,168.25296
2025-05-09-11,171,178,156,167.51819
2025-05-09-12,173,178,156,167.88202
2025-05-09-13,171,178,157,168.10158
2025-05-09-14,173,178,157,167.83783
2025-05-09-15,175,177,157,169.01645
2025-05-09-16,168,176,156,167.88632
2025-05-09-17,170,177,156,166.67654
2025-05-09-18,174,177,156,167.6694
2025-05-09-19,169,177,156,167.91678
2025-05-09-20,172,176,155,167.08061
2025-05-09-21,172,178,157,167.54279
2025-05-09-22,175,179,157,168.81064
2025-05-09-23,166,180,159,168.09181
2025-05-09-24,176,179,159,169.03546
2025-05-09-25,177,179,158,170.89638
2025-05-09-26,179,179,158,169.99408
2025-05-09-27,173,178,157,170.40585
2025-05-09-28,171,178,157,168.82454
2025-05-09-29,175,178,157,168.60483
2025-05-09-30,165,177,156,167.50989
2025-05-09-31,172,178,156,165.68471
2025-05-09-32,175,177,156,168.47127
2025-05-09-33,159,176,156,165.63234
2025-05-09-34,166,176,155,163.8733
2025-05-09-35,169,175,155,165.3528
2025-05-09-36,169,175,155,165.57895
2025-05-09-37,172,175,154,166.3444
2025-05-09-38,160,175,153,164.13492
2025-05-09-39,158,175,154,161.9114
2025-05-09-40,168,174,154,162.98396
2025-05-09-41,169,175,153,164.83652
2025-05-09-42,169,175,154,165.09251
2025-05-09-43,163,175,154,164.47542
2025-05-09-44,170,174,154,164.39117
2025-05-09-45,174,175,154,166.39516
2025-05-09-46,170,174,153,166.64954
2025-05-09-47,166,175,153,164.71687
2025-05-09-48,165,175,155,164.4769
2025-05-09-49,173,175,154,165.7141
2025-05-09-50,170,174,153,166.06117
2025-05-12-1,173,173,152,165.29059
2025-05-12-2,169,173,153,164.98636
2025-05-12-3,171,174,153,163.93124
2025-05-12-4,168,174,154,164.53964
2025-05-12-5,168,176,155,164.45424
2025-05-12-6,173,177,157,165.38081
2025-05-12-7,166,177,156,166.51772
2025-05-12-8,168,178,158,167.23003
2025-05-12-9,164,177,157,166.22017
2025-05-12-10,166,177,156,165.43585
2025-05-12-11,163,176,155,164.5519
2025-05-12-12,175,175,155,163.97307
2025-05-12-13,175,176,155,166.42781
2025-05-12-14,167,177,156,166.62634
2025-05-12-15,165,175,155,165.3303
2025-05-12-16,165,175,155,164.94922
2025-05-12-17,173,176,156,164.7581
2025-05-12-18,167,177,156,166.93771
2025-05-12-19,166,177,156,165.71277
2025-05-12-20,168,177,157,165.5075
2025-05-12-21,172,177,157,167.21419
2025-05-12-22,166,178,157,166.50392
2025-05-12-23,177,177,155,166.61871
2025-05-12-24,164,177,156,166.46931
2025-05-12-25,170,178,160,165.67064
2025-05-12-26,175,178,157,169.4172
2025-05-12-27,168,178,158,168.08498
2025-05-12-28,170,179,158,167.1772
2025-05-12-29,178,178,159,167.59508
2025-05-12-30,173,177,156,170.34058
2025-05-12-31,173,177,156,168.09467
2025-05-12-32,172,177,156,167.9029
2025-05-12-33,169,177,156,167.12239
2025-05-12-34,177,177,156,167.65541
2025-05-12-35,172,177,159,168.72556
2025-05-12-36,172,177,157,168.71506
2025-05-12-37,174,178,157,167.65314
2025-05-12-38,169,179,157,168.07117
2025-05-12-39,177,180,159,169.15933
2025-05-12-40,172,180,162,170.91689
2025-05-12-41,176,179,159,171.09782
2025-05-12-42,177,179,158,170.51198
2025-05-12-43,171,178,157,169.99408
2025-05-12-44,167,178,157,166.87993
2025-05-12-45,164,178,157,165.67613
2025-05-12-46,169,178,159,166.01659
2025-05-12-47,178,178,157,168.87198
2025-05-12-48,168,179,158,168.70166
2025-05-12-49,175,179,158,169.29286
2025-05-12-50,169,179,158,169.00652
2025-05-13-1,176,179,158,167.38957
2025-05-13-2,176,179,159,170.36455
2025-05-13-3,161,180,160,167.63367
2025-05-13-4,173,180,159,167.57936
2025-05-13-5,161,179,159,169.70891
2025-05-13-6,172,179,159,166.8505
2025-05-13-7,176,179,159,169.88025
2025-05-13-8,171,179,159,169.74359
2025-05-13-9,176,179,158,169.86632
2025-05-13-10,174,178,159,170.1724
2025-05-13-11,168,178,158,168.74963
2025-05-13-12,172,179,159,167.94351
2025-05-13-13,171,178,157,168.92062
2025-05-13-14,170,178,157,167.83783
2025-05-13-15,175,177,156,168.39908
2025-05-13-16,169,176,155,167.73888
2025-05-13-17,167,175,154,166.54297
2025-05-13-18,161,174,154,163.30168
2025-05-13-19,168,174,154,163.97356
2025-05-13-20,170,173,153,165.21892
2025-05-13-21,167,173,155,164.51848
2025-05-13-22,165,172,158,164.38954
2025-05-13-23,172,172,152,164.7972
2025-05-13-24,164,173,152,163.81816
2025-05-13-25,168,172,154,163.14056
2025-05-13-26,164,173,151,164.05757
2025-05-13-27,165,172,152,162.22972
2025-05-13-28,169,171,150,162.57483
2025-05-13-29,168,171,150,163.09175
2025-05-13-30,165,171,151,162.6959
2025-05-13-31,166,171,150,162.22897
2025-05-13-32,162,170,150,161.90468
2025-05-13-33,165,171,151,160.88774
2025-05-13-34,168,170,150,162.6105
2025-05-13-35,167,169,148,162.4976
2025-05-13-36,160,168,147,160.27438
2025-05-13-37,159,168,148,158.308
2025-05-13-38,165,167,147,159.20197
2025-05-13-39,157,166,145,158.1809
2025-05-13-40,157,165,145,155.86613
2025-05-13-41,163,165,145,156.61679
2025-05-13-42,157,164,143,156.70213
2025-05-13-43,158,164,144,154.9859
2025-05-13-44,156,164,144,156.28554
2025-05-13-45,162,165,144,155.87758
2025-05-13-46,159,165,145,157.10973
2025-05-13-47,162,165,144,157.2148
2025-05-13-48,158,164,144,157.10973
2025-05-13-49,158,165,144,155.52702
2025-05-13-50,157,166,145,155.53505
2025-05-14-1,161,165,145,157.0043
2025-05-14-2,160,163,142,157.05342
2025-05-14-3,156,161,143,154.8728
2025-05-14-4,156,160,140,154.00032
2025-05-14-5,154,161,141,152.22455
2025-05-14-6,157,161,141,152.91913
2025-05-14-7,157,160,140,153.52966
2025-05-14-8,155,159,139,152.42787
2025-05-14-9,156,159,140,151.86499
2025-05-14-10,154,160,139,152.21619
2025-05-14-11,152,159,138,151.29243
2025-05-14-12,154,159,144,150.54108
2025-05-14-13,156,158,137,152.96811
2025-05-14-14,151,158,137,150.63098
2025-05-14-15,154,157,136,150.18153
2025-05-14-16,152,156,136,149.50267
2025-05-14-17,151,155,135,148.71149
2025-05-14-18,150,155,135,147.78735
2025-05-14-19,144,154,134,146.6447
2025-05-14-20,147,154,134,145.27402
2025-05-14-21,150,153,133,146.4443
2025-05-14-22,149,154,133,146.33105
2025-05-14-23,149,153,133,146.32542
2025-05-14-24,147,151,132,145.753
2025-05-14-25,143,152,131,144.24455
2025-05-14-26,145,152,133,143.48499
2025-05-14-27,142,152,132,143.8103
2025-05-14-28,147,152,131,143.99307
2025-05-14-29,144,152,131,144.6682
2025-05-14-30,147,152,132,142.93788
2025-05-14-31,146,152,133,144.62862
2025-05-14-32,149,153,133,145.3249
2025-05-14-33,149,152,133,146.12865
2025-05-14-34,146,152,133,145.93187
2025-05-14-35,146,152,133,144.76205
2025-05-14-36,146,154,133,145.3249
2025-05-14-37,142,154,134,144.40508
2025-05-14-38,152,154,134,144.49467
2025-05-14-39,146,153,133,146.70476
2025-05-14-40,152,153,133,144.95863
2025-05-14-41,149,153,133,146.73595
2025-05-14-42,149,153,133,146.12865
2025-05-14-43,149,153,137,146.12865
2025-05-14-44,152,152,133,148.03674
2025-05-14-45,144,152,132,145.22432
2025-05-14-46,145,152,133,143.835
2025-05-14-47,151,152,131,145.498
2025-05-14-48,147,150,131,145.28938
2025-05-14-49,141,151,131,142.40193
2025-05-14-50,144,149,130,142.51048
2025-05-15-1,139,150,129,141.82683
2025-05-15-2,148,150,130,141.80156
2025-05-15-3,141,148,130,142.82991
2025-05-15-4,147,150,131,142.14758
2025-05-15-5,140,151,131,142.02788
2025-05-15-6,148,151,132,143.05724
2025-05-15-7,148,151,131,145.00937
2025-05-15-8,142,151,131,143.54887
2025-05-15-9,138,150,131,141.59029
2025-05-15-10,149,150,131,142.64418
2025-05-15-11,141,152,131,143.55428
2025-05-15-12,146,152,131,143.26833
2025-05-15-13,143,152,132,144.2785
2025-05-15-14,147,153,132,144.00775
2025-05-15-15,144,152,133,145.01282
2025-05-15-16,132,152,132,142.48561
2025-05-15-17,145,151,131,141.22644
2025-05-15-18,149,150,130,144.25484
2025-05-15-19,147,151,131,143.59369
2025-05-15-20,133,152,131,142.22408
2025-05-15-21,146,151,135,141.46669
2025-05-15-22,147,152,132,145.79968
2025-05-15-23,148,151,131,145.19148
2025-05-15-24,147,150,130,143.36156
2025-05-15-25,148,150,130,143.93942
2025-05-15-26,146,149,129,143.76656
2025-05-15-27,144,148,128,142.83078
2025-05-15-28,139,147,127,140.58707
2025-05-15-29,131,147,127,138.67714
2025-05-15-30,139,146,126,137.25539
2025-05-15-31,144,145,126,139.45186
2025-05-15-32,141,145,125,139.70255
2025-05-15-33,142,144,124,138.95067
2025-05-15-34,141,144,124,137.13097
2025-05-15-35,137,144,127,137.86102
2025-05-15-36,137,144,125,138.06
2025-05-15-37,143,146,126,137.76376
2025-05-15-38,136,144,125,139.13766
2025-05-15-39,136,145,125,136.63245
2025-05-15-40,137,144,125,137.01411
2025-05-15-41,141,145,126,137.95001
2025-05-15-42,135,144,125,138.16676
2025-05-15-43,135,145,124,136.06001
2025-05-15-44,134,144,124,136.10745
2025-05-15-45,132,143,124,134.96866
2025-05-15-46,141,145,124,134.92906
2025-05-15-47,142,145,125,137.31204
2025-05-15-48,139,144,125,138.59245
2025-05-15-49,136,144,125,137.79333
2025-05-15-50,141,145,125,137.19048
2025-05-16-1,142,145,128,138.0187
2025-05-16-2,135,144,125,139.5961
2025-05-16-3,143,145,125,137.7341
2025-05-16-4,141,146,127,139.53983
2025-05-16-5,138,146,126,139.06985
2025-05-16-6,144,146,126,138.50475
2025-05-16-7,144,146,126,140.45898
2025-05-16-8,140,146,127,139.89871
2025-05-16-9,143,146,129,139.98796
2025-05-16-10,144,146,125,141.07532
2025-05-16-11,136,146,125,138.63138
2025-05-16-12,143,145,125,137.20981
2025-05-16-13,139,145,125,138.7936
2025-05-16-14,140,144,125,138.54823
2025-05-16-15,135,143,125,137.43571
2025-05-16-16,137,145,125,136.42194
2025-05-16-17,131,145,125,135.54224
2025-05-16-18,141,143,124,137.12576
2025-05-16-19,137,144,124,137.66508
2025-05-16-20,137,144,124,136.31323
2025-05-16-21,141,144,124,136.49915
2025-05-16-22,139,144,124,137.86102
2025-05-16-23,137,143,124,137.27289
2025-05-16-24,141,143,123,137.2336
2025-05-16-25,129,143,123,136.21445
2025-05-16-26,135,141,123,134.36507
2025-05-16-27,140,142,123,135.36273
2025-05-16-28,139,142,126,137.12013
2025-05-16-29,135,142,122,136.9914
2025-05-16-30,137,143,122,135.59604
2025-05-16-31,138,142,122,136.00728
2025-05-16-32,133,143,123,135.26898
2025-05-16-33,138,142,122,135.72423
2025-05-16-34,136,142,123,135.82639
2025-05-16-35,129,142,122,133.53261
2025-05-16-36,137,142,122,134.02153
2025-05-16-37,138,140,122,135.81157
2025-05-16-38,133,141,121,134.69215
2025-05-16-39,133,140,122,133.55238
2025-05-16-40,139,141,121,134.24681
2025-05-16-41,136,141,121,135.3116
2025-05-16-42,130,140,120,133.78236
2025-05-16-43,137,140,122,133.34943
2025-05-16-44,135,140,120,134.86299
2025-05-16-45,132,138,120,133.79486
2025-05-16-46,135,138,120,132.80327
2025-05-16-47,135,140,120,133.40392
2025-05-16-48,130,140,120,133.6094
2025-05-16-49,132,140,122,132.23816
2025-05-16-50,134,140,121,133.67561
2025-05-19-1,137,140,121,134.11357
2025-05-19-2,126,140,121,132.49048
2025-05-19-3,131,140,121,132.14131
2025-05-19-4,138,141,121,134.06882
2025-05-19-5,134,141,121,134.92531
2025-05-19-6,137,140,121,134.49463
2025-05-19-7,139,140,125,135.27206
2025-05-19-8,133,140,120,136.07991
2025-05-19-9,129,140,120,132.28294
2025-05-19-10,135,140,121,132.59341
2025-05-19-11,128,140,120,132.64592
2025-05-19-12,135,140,122,132.20819
2025-05-19-13,130,139,120,133.53491
2025-05-19-14,128,138,119,131.30327
2025-05-19-15,130,138,119,130.74533
2025-05-19-16,130,138,118,130.96007
2025-05-19-17,124,138,120,129.33511
2025-05-19-18,122,138,119,128.62009
2025-05-19-19,131,137,119,129.73189
2025-05-19-20,137,137,119,132.25966
2025-05-19-21,121,137,117,130.68456
2025-05-19-22,136,137,119,129.7791
2025-05-19-23,131,137,119,132.33417
2025-05-19-24,130,138,119,131.14961
2025-05-19-25,138,139,120,132.62523
2025-05-19-26,133,139,120,133.27315
2025-05-19-27,134,139,121,133.94054
2025-05-19-28,134,140,120,134.2891
2025-05-19-29,134,140,121,133.40915
2025-05-19-30,122,140,122,131.52122
2025-05-19-31,134,141,122,131.67447
2025-05-19-32,134,141,121,134.45718
2025-05-19-33,135,142,124,134.12354
2025-05-19-34,142,143,123,135.89227
2025-05-19-35,133,143,125,136.41512
2025-05-19-36,137,143,125,136.20634
2025-05-19-37,137,143,125,137.56787
2025-05-19-38,127,143,125,134.78038
2025-05-19-39,137,143,125,135.00252
2025-05-19-40,144,144,127,137.94034
2025-05-19-41,138,144,126,140.02774
2025-05-19-42,144,145,126,138.85838
2025-05-19-43,144,147,128,140.44952
2025-05-19-44,138,148,128,140.76447
2025-05-19-45,138,148,128,137.51688
2025-05-19-46,130,148,127,137.7029
2025-05-19-47,137,148,128,137.25008
2025-05-19-48,142,148,128,139.92401
2025-05-19-49,138,149,131,139.99768
2025-05-19-50,143,149,129,141.88673
2025-05-20-1,143,148,129,139.42372
2025-05-20-2,142,148,129,141.28094
2025-05-20-3,146,148,128,141.0794
2025-05-20-4,136,148,128,140.42955
2025-05-20-5,139,147,127,138.79044
2025-05-20-6,145,147,127,139.79602
2025-05-20-7,142,147,126,141.00482
2025-05-20-8,142,147,128,139.8788
2025-05-20-9,128,147,127,137.9382
2025-05-20-10,147,147,127,138.32729
2025-05-20-11,136,147,127,141.03406
2025-05-20-12,134,147,126,137.32965
2025-05-20-13,141,146,126,136.9659
2025-05-20-14,137,146,126,138.73537
2025-05-20-15,140,147,127,138.48996
2025-05-20-16,144,147,126,139.9974
2025-05-20-17,146,146,127,140.28162
2025-05-20-18,131,145,126,138.95667
2025-05-20-19,139,146,127,136.71599
2025-05-20-20,140,146,131,139.22687
2025-05-20-21,142,146,126,139.83405
2025-05-20-22,144,146,126,140.05605
2025-05-20-23,142,147,127,140.08542
2025-05-20-24,147,148,128,140.02684
2025-05-20-25,135,147,128,140.07079
2025-05-20-26,142,147,128,139.13887
2025-05-20-27,138,146,127,139.6151
2025-05-20-28,138,147,128,138.65285
2025-05-20-29,141,147,128,139.3697
2025-05-20-30,139,148,128,139.78696
2025-05-20-31,148,148,128,140.14018
2025-05-20-32,143,148,128,142.32828
2025-05-20-33,147,148,130,140.94603
2025-05-20-34,142,147,129,142.42255
2025-05-20-35,145,147,130,141.44383
2025-05-20-36,143,148,128,141.82283
2025-05-20-37,142,148,129,142.06796
2025-05-20-38,145,148,128,141.26628
2025-05-20-39,143,149,129,141.5361
2025-05-20-40,144,149,130,141.85114
2025-05-20-41,144,150,130,142.38799
2025-05-20-42,142,150,131,142.39722
2025-05-20-43,143,150,130,142.32887
2025-05-20-44,144,150,130,142.38258
2025-05-20-45,148,150,130,142.95876
2025-05-20-46,146,149,129,143.57913
2025-05-20-47,146,149,129,142.83078
2025-05-20-48,145,149,129,143.01807
2025-05-20-49,137,149,129,140.94585
2025-05-20-50,143,149,129,140.82825
2025-05-21-1,148,149,130,142.0382
2025-05-21-2,142,149,129,142.82071
2025-05-21-3,146,148,129,141.83646
2025-05-21-4,138,148,128,141.32483
2025-05-21-5,144,147,128,140.87239
2025-05-21-6,147,147,128,141.8862
2025-05-21-7,141,146,133,141.369
2025-05-21-8,142,146,126,142.38618
2025-05-21-9,141,145,126,140.2428
2025-05-21-10,144,145,127,139.47183
2025-05-21-11,138,145,125,139.66396
2025-05-21-12,137,145,125,137.22977
2025-05-21-13,140,145,125,137.7734
2025-05-21-14,136,145,126,137.63153
2025-05-21-15,129,145,125,135.30438
2025-05-21-16,142,145,125,136.53792
2025-05-21-17,142,146,127,138.59245
2025-05-21-18,146,146,126,137.22241
2025-05-21-19,141,145,128,140.30147
2025-05-21-20,145,145,126,138.83557
2025-05-21-21,139,144,124,139.53056
2025-05-21-22,130,143,124,135.97108
2025-05-21-23,135,143,124,134.89922
2025-05-21-24,134,143,123,135.53058
2025-05-21-25,138,142,122,135.7391
2025-05-21-26,124,142,123,133.22887
2025-05-21-27,139,142,123,132.79788
2025-05-21-28,142,142,123,137.29155
2025-05-21-29,142,142,122,136.59134
2025-05-21-30,132,142,122,137.37402
2025-05-21-31,141,142,122,135.17981
2025-05-21-32,134,141,122,136.98685
2025-05-21-33,137,141,121,135.57129
2025-05-21-34,134,140,122,134.72482
2025-05-21-35,140,140,121,133.89078
2025-05-21-36,133,141,129,135.13069
2025-05-21-37,137,140,121,136.9654
2025-05-21-38,140,140,121,135.45789
2025-05-21-39,131,140,121,134.75928
2025-05-21-40,135,140,121,133.3272
2025-05-21-41,137,140,121,134.49956
2025-05-21-42,129,141,121,132.67558
2025-05-21-43,132,141,122,132.38144
2025-05-21-44,132,141,121,133.5003
2025-05-21-45,131,141,121,132.79646
2025-05-21-46,133,141,123,133.70792
2025-05-21-47,140,141,123,134.59044
2025-05-21-48,133,140,121,135.43672
2025-05-21-49,131,140,120,132.98651
2025-05-21-50,127,139,120,131.88307
2025-05-22-1,130,139,120,131.0735
2025-05-22-2,131,140,120,132.04298
2025-05-22-3,130,140,119,132.4382
2025-05-22-4,138,140,119,133.01596
2025-05-22-5,136,139,119,134.24794
2025-05-22-6,132,139,119,133.46616
2025-05-22-7,130,140,119,131.73973
2025-05-22-8,131,140,120,131.71997
2025-05-22-9,133,140,121,132.62334
2025-05-22-10,133,139,120,133.35704
2025-05-22-11,139,139,119,132.8283
2025-05-22-12,135,139,119,134.25276
2025-05-22-13,136,139,119,132.70996
2025-05-22-14,127,139,119,131.05971
2025-05-22-15,131,140,119,130.92531
2025-05-22-16,119,139,119,129.70323
2025-05-22-17,137,139,119,130.25041
2025-05-22-18,135,139,119,133.66646
2025-05-22-19,132,138,118,133.26588
2025-05-22-20,129,139,119,131.02666
2025-05-22-21,136,139,125,132.25002
2025-05-22-22,134,137,118,135.28261
2025-05-22-23,135,138,120,132.34149
2025-05-22-24,136,139,119,133.58932
2025-05-22-25,135,139,119,132.72484
2025-05-22-26,122,138,118,130.86009
2025-05-22-27,132,138,119,130.13737
2025-05-22-28,136,138,118,132.65514
2025-05-22-29,134,137,118,132.7519
2025-05-22-30,135,138,118,132.712
2025-05-22-31,135,138,118,132.73703
2025-05-22-32,133,137,117,132.18137
2025-05-22-33,127,137,117,130.32886
2025-05-22-34,134,136,119,130.42372
2025-05-22-35,130,136,117,131.369
2025-05-22-36,129,137,119,129.90434
2025-05-22-37,130,137,117,130.75008
2025-05-22-38,133,137,117,131.02325
2025-05-22-39,130,136,116,130.88322
2025-05-22-40,133,136,116,130.12556
2025-05-22-41,124,137,117,129.2474
2025-05-22-42,128,136,117,129.08643
2025-05-22-43,131,136,116,130.05899
2025-05-22-44,128,136,116,129.7712
2025-05-22-45,129,137,118,129.17255
2025-05-22-46,131,137,116,130.23247
2025-05-22-47,133,137,118,130.70525
2025-05-22-48,134,137,118,131.03134
2025-05-22-49,129,137,118,131.04623
2025-05-22-50,133,136,116,130.97153
2025-05-23-1,120,135,116,129.98573
2025-05-23-2,130,135,118,126.46347
2025-05-23-3,127,135,118,130.22679
2025-05-23-4,126,135,118,128.89021
2025-05-23-5,125,134,117,129.98209
2025-05-23-6,130,134,117,128.88583
2025-05-23-7,131,134,119,128.96095
2025-05-23-8,125,134,119,129.82568
2025-05-23-9,132,134,119,129.55115
2025-05-23-10,130,134,119,131.50356
2025-05-23-11,132,134,118,130.9189
2025-05-23-12,126,134,118,129.87701
2025-05-23-13,126,134,117,128.68039
2025-05-23-14,133,134,115,129.63889
2025-05-23-15,126,134,117,128.70955
2025-05-23-16,125,134,116,128.16371
2025-05-23-17,129,134,118,128.18468
2025-05-23-18,129,133,115,129.64757
2025-05-23-19,127,133,115,128.08615
2025-05-23-20,121,132,115,126.21595
2025-05-23-21,131,132,115,127.03419
2025-05-23-22,121,132,116,127.55296
2025-05-23-23,125,132,115,126.63056
2025-05-23-24,124,132,114,126.54279
2025-05-23-25,131,132,114,127.29954
2025-05-23-26,127,131,114,128.69499
2025-05-23-27,127,131,114,126.781944
2025-05-23-28,121,131,114,125.12807
2025-05-23-29,124,131,114,125.588295
2025-05-23-30,129,131,115,127.104805
2025-05-23-31,120,131,114,126.7762
2025-05-23-32,123,131,114,124.83878
2025-05-23-33,127,131,115,125.4349
2025-05-23-34,123,131,114,126.746155
2025-05-23-35,126,131,114,125.98604
2025-05-23-36,129,131,114,127.13497
2025-05-23-37,126,132,114,127.36422
2025-05-23-38,127,132,115,127.32972
2025-05-23-39,128,132,114,127.677086
2025-05-23-40,132,132,115,128.2811
2025-05-23-41,132,132,115,129.41174
2025-05-23-42,127,132,115,128.4892
2025-05-23-43,124,132,114,127.30883
2025-05-23-44,115,132,115,124.35995
2025-05-23-45,132,132,113,126.02346
2025-05-23-46,128,132,114,128.56187
2025-05-23-47,127,132,117,127.35982
2025-05-23-48,131,132,115,128.89494
2025-05-23-49,130,132,115,128.84311
2025-05-23-50,127,132,115,127.53798
2025-05-27-1,137,138,117,127.12478
2025-05-27-2,134,138,118,132.61871
2025-05-27-3,129,137,118,132.16647
2025-05-27-4,116,137,116,129.3098
2025-05-27-5,131,136,116,126.79142
2025-05-27-6,126,136,116,129.21751
2025-05-27-7,131,136,115,129.69612
2025-05-27-8,130,135,115,129.99245
2025-05-27-9,129,136,116,128.12216
2025-05-27-10,135,135,115,129.92586
2025-05-27-11,129,135,115,130.04184
2025-05-27-12,117,135,115,127.73879
2025-05-27-13,131,135,116,126.82124
2025-05-27-14,123,135,114,128.65385
2025-05-27-15,127,134,114,126.21249
2025-05-27-16,125,135,114,127.55007
2025-05-27-17,132,135,115,127.71463
2025-05-27-18,126,135,115,128.8895
2025-05-27-19,133,135,115,128.9839
2025-05-27-20,126,136,115,129.0889
2025-05-27-21,117,136,115,126.23277
2025-05-27-22,122,136,116,124.99509
2025-05-27-23,132,137,116,127.60788
2025-05-27-24,117,137,116,129.61188
2025-05-27-25,129,136,116,127.17447
2025-05-27-26,131,137,118,129.37206
2025-05-27-27,135,137,119,130.4471
2025-05-27-28,132,137,119,132.50449
2025-05-27-29,133,137,117,132.2746
2025-05-27-30,133,138,118,131.43805
2025-05-27-31,131,138,118,131.59634
2025-05-27-32,134,139,119,130.82689
2025-05-27-33,133,139,119,132.88034
2025-05-27-34,137,139,119,131.38477
2025-05-27-35,127,139,118,131.44423
2025-05-27-36,134,139,119,131.1468
2025-05-27-37,132,139,118,132.69508
2025-05-27-38,135,138,118,132.51715
2025-05-27-39,124,138,118,131.44116
2025-05-27-40,128,138,117,129.4294
2025-05-27-41,128,137,123,130.07962
2025-05-27-42,130,137,117,132.0673
2025-05-27-43,131,137,117,130.65353
2025-05-27-44,135,137,119,131.40816
2025-05-27-45,128,138,117,131.94908
2025-05-27-46,128,137,117,130.2643
2025-05-27-47,123,137,117,128.22517
2025-05-27-48,132,137,117,129.07133
2025-05-27-49,131,137,117,130.86829
2025-05-27-50,133,137,117,131.03822
2025-05-28-1,120,137,117,131.9933
2025-05-28-2,132,136,116,128.10449
2025-05-28-3,129,135,117,130.1555
2025-05-28-4,131,135,115,130.61794
2025-05-28-5,127,135,117,129.24352
2025-05-28-6,135,135,115,129.84895
2025-05-28-7,122,135,115,129.48782
2025-05-28-8,132,135,115,128.00166
2025-05-28-9,131,134,115,129.99707
2025-05-28-10,127,134,114,128.86409
2025-05-28-11,116,133,113,125.16032
2025-05-28-12,126,133,113,123.73459
2025-05-28-13,131,133,113,127.56051
2025-05-28-14,129,133,113,128.18855
2025-05-28-15,120,133,112,126.133484
2025-05-28-16,126,132,114,125.11455
2025-05-28-17,124,133,112,126.40969
2025-05-28-18,125,132,112,125.72623
2025-05-28-19,124,132,114,125.54689
2025-05-28-20,126,132,117,126.747375
2025-05-28-21,125,132,112,127.77427
2025-05-28-22,121,132,112,124.81237
2025-05-28-23,126,132,111,124.75185
2025-05-28-24,119,131,111,124.67933
2025-05-28-25,124,131,111,123.82875
2025-05-28-26,123,131,110,124.82191
2025-05-28-27,122,130,110,124.10808
2025-05-28-28,126,130,110,124.26557
2025-05-28-29,125,130,111,124.87684
2025-05-28-30,126,130,110,125.377266
2025-05-28-31,124,130,109,124.69319
2025-05-28-32,126,130,110,124.33128
2025-05-28-33,126,130,110,123.40919
2025-05-28-34,126,130,109,125.06052
2025-05-28-35,113,130,109,122.52848
2025-05-28-36,126,129,109,122.51381
2025-05-28-37,117,129,109,122.51751
2025-05-28-38,117,129,110,122.564
2025-05-28-39,117,128,108,121.43166
2025-05-28-40,126,128,108,121.48986
2025-05-28-41,121,128,108,123.274414
2025-05-28-42,126,128,108,123.01537
2025-05-28-43,117,128,108,123.274414
2025-05-28-44,126,128,108,122.58802
2025-05-28-45,110,128,108,121.62652
2025-05-28-46,120,128,109,119.738884
2025-05-28-47,122,128,110,122.78185
2025-05-28-48,120,127,107,122.77722
2025-05-28-49,125,127,109,120.82793
2025-05-28-50,114,127,107,122.663475
2025-05-29-1,114,127,110,120.18837
2025-05-29-2,119,127,107,120.815575
2025-05-29-3,121,126,108,121.36112
2025-05-29-4,114,126,106,120.432144
2025-05-29-5,119,125,106,119.66395
2025-05-29-6,122,126,106,121.00787
2025-05-29-7,121,126,106,121.43045
2025-05-29-8,124,126,106,121.59824
2025-05-29-9,121,126,106,122.19301
2025-05-29-10,120,126,105,121.23233
2025-05-29-11,108,125,106,119.424995
2025-05-29-12,120,125,105,118.830925
2025-05-29-13,123,124,105,120.69216
2025-05-29-14,113,125,105,119.26564
2025-05-29-15,116,124,105,118.03085
2025-05-29-16,113,125,108,116.428764
2025-05-29-17,117,125,105,119.933754
2025-05-29-18,116,124,105,118.82087
2025-05-29-19,123,125,105,119.70646
2025-05-29-20,123,124,106,121.28643
2025-05-29-21,119,124,105,120.50911
2025-05-29-22,119,125,105,119.56971
2025-05-29-23,123,125,105,120.49414
2025-05-29-24,119,124,106,120.55496
2025-05-29-25,119,125,105,119.35291
2025-05-29-26,119,124,106,119.76351
2025-05-29-27,125,125,106,120.4483
2025-05-29-28,121,124,105,122.01392
2025-05-29-29,117,125,105,119.60016
2025-05-29-30,123,124,105,120.09821
2025-05-29-31,119,125,105,120.361015
2025-05-29-32,119,125,105,120.128716
2025-05-29-33,123,124,105,120.49414
2025-05-29-34,106,125,105,119.08325
2025-05-29-35,121,125,105,117.559
2025-05-29-36,120,125,105,120.89021
2025-05-29-37,123,123,107,120.69216
2025-05-29-38,118,125,105,121.19441
2025-05-29-39,117,123,105,119.20083
2025-05-29-40,120,124,105,119.16294
2025-05-29-41,120,125,107,120.49818
2025-05-29-42,117,125,105,120.25757
2025-05-29-43,117,125,113,120.09821
2025-05-29-44,123,125,105,122.746574
2025-05-29-45,115,125,105,120.00693
2025-05-29-46,121,125,107,119.3374
2025-05-29-47,121,124,106,121.73524
2025-05-29-48,112,123,105,118.836395
2025-05-29-49,118,124,104,117.99275
2025-05-29-50,122,124,104,119.5889
2025-05-30-1,115,125,104,120.38051
2025-05-30-2,117,125,104,118.27766
2025-05-30-3,120,125,106,119.21988
2025-05-30-4,116,124,104,119.74433
2025-05-30-5,116,124,104,118.09944
2025-05-30-6,123,124,104,117.73524
2025-05-30-7,123,124,104,120.3957
2025-05-30-8,120,124,104,120.5785
2025-05-30-9,120,124,104,119.43685
2025-05-30-10,118,123,103,118.889534
2025-05-30-11,122,123,104,119.24699
2025-05-30-12,118,123,103,119.638535
2025-05-30-13,106,123,104,117.24227
2025-05-30-14,119,123,103,116.47859
2025-05-30-15,116,122,103,118.16797
2025-05-30-16,111,122,102,116.65454
2025-05-30-17,119,122,104,116.61152
2025-05-30-18,118,122,102,119.398994
2025-05-30-19,119,122,102,117.81101
2025-05-30-20,119,122,102,118.55544
2025-05-30-21,102,122,102,116.91602
2025-05-30-22,114,122,102,115.3821
2025-05-30-23,121,122,101,117.20347
2025-05-30-24,118,122,102,118.0732
2025-05-30-25,115,122,101,117.62885
2025-05-30-26,114,122,101,116.88872
2025-05-30-27,104,121,101,114.1497
2025-05-30-28,116,121,101,114.52748
2025-05-30-29,107,121,101,115.619896
2025-05-30-30,109,121,101,113.4867
2025-05-30-31,110,121,101,115.51229
2025-05-30-32,114,121,101,115.3461
2025-05-30-33,118,121,104,116.498
2025-05-30-34,113,121,106,117.36742
2025-05-30-35,111,121,101,117.041534
2025-05-30-36,108,121,100,113.36748
2025-05-30-37,117,120,100,114.62264
2025-05-30-38,102,120,100,113.6619
2025-05-30-39,109,120,100,111.983116
2025-05-30-40,112,120,100,113.901115
2025-05-30-41,120,120,100,114.67264
2025-05-30-42,116,120,100,116.97612
2025-05-30-43,119,120,100,116.55097
2025-05-30-44,109,120,100,116.596855
2025-05-30-45,113,120,105,113.901115
2025-05-30-46,112,120,100,116.51821
2025-05-30-47,116,120,100,115.21716
2025-05-30-48,102,120,100,114.73408
2025-05-30-49,117,120,100,113.430374
2025-05-30-50,115,120,100,116.202484
2025-06-02-1,100,119,100,115.081696
2025-06-02-2,112,119,100,112.30166
2025-06-02-3,111,119,99,114.66094
2025-06-02-4,114,119,100,114.31605
2025-06-02-5,119,119,101,115.05468
2025-06-02-6,109,118,99,115.27936
2025-06-02-7,115,119,99,114.27349
2025-06-02-8,108,118,99,115.10354
2025-06-02-9,113,118,99,113.17054
2025-06-02-10,108,118,99,113.9724
2025-06-02-11,118,119,99,114.07667
2025-06-02-12,114,119,99,114.60495
2025-06-02-13,109,119,101,113.45595
2025-06-02-14,116,119,99,114.762856
2025-06-02-15,119,119,100,116.02754
2025-06-02-16,113,118,107,115.85786
2025-06-02-17,113,118,99,117.70085
2025-06-02-18,115,118,99,114.51653
2025-06-02-19,115,118,99,114.91026
2025-06-02-20,114,118,99,113.64065
2025-06-02-21,112,118,99,114.350464
2025-06-02-22,113,118,99,113.95701
2025-06-02-23,105,118,98,113.0666
2025-06-02-24,116,118,98,111.8904
2025-06-02-25,117,117,98,115.1408
2025-06-02-26,112,118,98,114.59961
2025-06-02-27,117,118,98,114.353096
2025-06-02-28,112,117,98,114.42986
2025-06-02-29,112,117,98,113.253456
2025-06-02-30,110,117,98,113.253456
2025-06-02-31,111,117,98,112.86042
2025-06-02-32,111,117,98,113.056915
2025-06-02-33,117,117,98,113.963104
2025-06-02-34,107,117,98,113.692665
2025-06-02-35,112,117,98,112.27115
2025-06-02-36,111,117,98,113.07233
2025-06-02-37,112,117,98,113.056915
2025-06-02-38,114,117,98,113.61587
2025-06-02-39,112,117,100,113.64663
2025-06-02-40,112,117,98,114.27465
2025-06-02-41,115,117,98,114.15991
2025-06-02-42,109,117,98,112.7564
2025-06-02-43,98,117,98,110.1354
2025-06-02-44,117,117,98,110.32495
2025-06-02-45,111,117,98,113.692665
2025-06-02-46,117,117,98,113.963104
2025-06-02-47,110,117,97,113.692665
2025-06-02-48,111,116,97,112.350365
2025-06-02-49,109,116,97,111.99207
2025-06-02-50,116,116,97,112.86616
2025-06-03-1,99,117,97,113.33623
2025-06-03-2,115,117,97,110.91434
2025-06-03-3,110,117,97,114.05798
2025-06-03-4,112,117,97,113.07458
2025-06-03-5,112,117,97,112.38121
2025-06-03-6,109,117,97,112.200294
2025-06-03-7,113,117,97,113.24034
2025-06-03-8,114,117,97,113.66451
2025-06-03-9,109,117,97,112.955055
2025-06-03-10,110,118,98,111.97313
2025-06-03-11,112,118,98,112.87227
2025-06-03-12,109,118,97,112.903114
2025-06-03-13,110,118,98,112.16589
2025-06-03-14,108,117,97,113.05334
2025-06-03-15,109,117,97,111.95767
2025-06-03-16,112,117,97,112.334915
2025-06-03-17,102,117,97,110.935455
2025-06-03-18,112,117,97,111.14166
2025-06-03-19,108,117,97,112.200294
2025-06-03-20,112,117,100,112.13854
2025-06-03-21,113,117,98,113.91204
2025-06-03-22,115,117,97,113.45003
2025-06-03-23,112,117,99,113.695244
2025-06-03-24,115,117,97,113.58271
2025-06-03-25,107,118,98,112.78935
2025-06-03-26,117,117,97,113.36929
2025-06-03-27,108,118,98,113.18224
2025-06-03-28,115,117,97,111.93687
2025-06-03-29,110,117,97,113.51396
2025-06-03-30,108,117,97,111.80777
2025-06-03-31,111,117,97,112.13854
2025-06-03-32,109,117,97,112.184875
2025-06-03-33,109,117,97,111.79232
2025-06-03-34,115,117,97,113.24034
2025-06-03-35,115,118,97,114.05798
2025-06-03-36,112,118,98,113.70704
2025-06-03-37,117,118,98,114.534584
2025-06-03-38,108,118,98,113.88575
2025-06-03-39,114,118,98,113.38475
2025-06-03-40,110,118,98,113.83971
2025-06-03-41,109,118,98,113.41563
2025-06-03-42,116,118,99,113.944046
2025-06-03-43,109,118,98,114.19978
2025-06-03-44,110,118,98,113.0379
2025-06-03-45,105,118,98,111.78705
2025-06-03-46,110,118,98,111.709656
2025-06-03-47,113,118,98,113.05334
2025-06-03-48,116,118,97,112.556564
2025-06-03-49,107,117,97,112.997635
2025-06-03-50,108,117,97,111.39992
2025-06-04-1,109,117,97,111.5961
2025-06-04-2,100,117,97,111.61157
2025-06-04-3,109,117,97,110.208015
2025-06-04-4,112,117,97,112.87801
2025-06-04-5,116,117,97,112.743195
2025-06-04-6,115,117,97,114.43627
2025-06-04-7,108,118,97,112.97042
2025-06-04-8,111,118,98,112.5123
2025-06-04-9,116,118,98,114.33771
2025-06-04-10,109,118,98,113.68915
2025-06-04-11,116,118,99,113.944046
2025-06-04-12,110,118,98,114.19978
2025-06-04-13,112,118,98,113.41563
2025-06-04-14,107,118,98,112.722115
2025-06-04-15,108,118,98,111.921394
2025-06-04-16,110,118,99,112.11766
2025-06-04-17,113,118,98,113.563705
2025-06-04-18,113,118,98,112.556564
2025-06-04-19,118,118,98,112.556564
2025-06-04-20,118,118,98,115.71666
2025-06-04-21,118,118,100,115.71666
2025-06-04-22,110,118,99,114.922745
2025-06-04-23,110,118,98,113.38253
2025-06-04-24,114,119,98,113.05334
2025-06-04-25,118,119,98,115.12179
2025-06-04-26,114,119,99,115.00147
2025-06-04-27,118,119,99,115.63325
2025-06-04-28,111,119,99,116.05814
2025-06-04-29,117,119,98,114.678955
2025-06-04-30,112,119,98,114.98615
2025-06-04-31,103,119,99,111.6492
2025-06-04-32,110,119,99,112.01936
2025-06-04-33,110,119,99,113.39433
2025-06-04-34,110,119,99,112.851204
2025-06-04-35,119,119,101,114.84507
2025-06-04-36,114,119,99,116.18768
2025-06-04-37,117,119,99,114.54362
2025-06-04-38,112,119,99,114.95262
2025-06-04-39,119,120,101,114.150085
2025-06-04-40,116,120,100,115.83582
2025-06-04-41,112,120,103,115.27859
2025-06-04-42,118,120,105,116.751976
2025-06-04-43,116,120,100,118.050255
2025-06-04-44,101,120,100,113.10354
2025-06-04-45,112,120,100,112.14828
2025-06-04-46,111,120,100,114.3099
2025-06-04-47,102,120,100,112.84567
2025-06-04-48,108,120,102,112.16383
2025-06-04-49,112,120,100,114.544495
2025-06-04-50,111,120,100,114.3099
2025-06-05-1,115,119,100,114.83871
2025-06-05-2,118,119,100,115.97842
2025-06-05-3,112,119,100,116.024345
2025-06-05-4,112,119,100,115.20552
2025-06-05-5,117,119,99,115.20552
2025-06-05-6,117,118,99,115.86102
2025-06-05-7,116,118,99,115.48583
2025-06-05-8,99,119,99,113.293755
2025-06-05-9,115,119,100,111.95713
2025-06-05-10,119,119,100,115.97842
2025-06-05-11,117,119,100,116.58529
2025-06-05-12,109,119,102,114.7377
2025-06-05-13,110,119,100,114.18566
2025-06-05-14,115,119,100,114.63016
2025-06-05-15,117,119,100,115.251595
2025-06-05-16,118,119,100,116.37279
2025-06-05-17,115,119,102,116.206184
2025-06-05-18,118,119,102,116.638306
2025-06-05-19,119,119,100,117.23017
2025-06-05-20,112,119,100,115.676125
2025-06-05-21,108,119,100,113.935616
2025-06-05-22,117,119,100,114.23651
2025-06-05-23,115,119,99,116.190895
2025-06-05-24,115,119,101,115.285164
2025-06-05-25,116,119,100,115.5813
2025-06-05-26,115,119,100,115.993744
2025-06-05-27,116,119,101,115.07003
2025-06-05-28,115,119,103,115.96003
2025-06-05-29,119,119,100,117.15036
2025-06-05-30,100,119,100,114.40556
2025-06-05-31,119,119,100,113.20642
2025-06-05-32,109,119,100,115.312836
2025-06-05-33,101,119,100,114.977745
2025-06-05-34,106,119,100,110.87245
2025-06-05-35,116,119,100,113.843
2025-06-05-36,117,119,102,116.17558
2025-06-05-37,111,119,100,115.76004
2025-06-05-38,118,119,101,114.282776
2025-06-05-39,109,119,100,115.445625
2025-06-05-40,115,119,101,114.251945
2025-06-05-41,116,119,100,116.126495
2025-06-05-42,109,119,101,114.90385
2025-06-05-43,105,119,100,113.13204
2025-06-05-44,117,119,101,114.0088
2025-06-05-45,117,119,101,116.52084
2025-06-05-46,111,119,102,115.61194
2025-06-05-47,118,119,100,116.031395
2025-06-05-48,119,119,100,116.752014
2025-06-05-49,111,119,100,115.49445
2025-06-05-50,113,119,107,114.64556
2025-06-06-1,102,120,100,116.07652
2025-06-06-2,113,120,100,112.706314
2025-06-06-3,118,120,103,113.96276
2025-06-06-4,118,120,100,117.57188
2025-06-06-5,113,120,100,116.39964
2025-06-06-6,117,120,100,115.59583
2025-06-06-7,113,120,100,115.65717
2025-06-06-8,116,120,100,115.41416
2025-06-06-9,120,120,100,116.73296
2025-06-06-10,111,120,100,116.79409
2025-06-06-11,113,120,100,114.475845
2025-06-06-12,117,120,105,115.59583
2025-06-06-13,120,120,100,117.85287
2025-06-06-14,117,120,100,115.15823
2025-06-06-15,118,120,99,116.202484
2025-06-06-16,116,119,99,116.25162
2025-06-06-17,112,120,100,114.75578
2025-06-06-18,107,120,100,113.403984
2025-06-06-19,120,120,99,113.68902
2025-06-06-20,110,119,99,115.37334
2025-06-06-21,117,119,99,112.851204
2025-06-06-22,115,119,99,115.67923
2025-06-06-23,119,119,100,113.65245
2025-06-06-24,114,119,99,116.949326
2025-06-06-25,99,119,99,113.09382
2025-06-06-26,109,119,99,110.693085
2025-06-06-27,116,119,99,114.466644
2025-06-06-28,108,119,99,114.937294
2025-06-06-29,115,119,100,113.72582
2025-06-06-30,115,119,99,115.43323
2025-06-06-31,109,119,99,114.37756
2025-06-06-32,119,119,99,114.648125
2025-06-06-33,110,120,99,114.98322
2025-06-06-34,106,120,100,111.95899
2025-06-06-35,110,120,102,111.50345
2025-06-06-36,118,120,100,114.75669
2025-06-06-37,113,120,100,116.21777
2025-06-06-38,116,119,99,115.41416
2025-06-06-39,111,119,99,114.75578
2025-06-06-40,112,119,101,113.77212
2025-06-06-41,112,120,99,114.62764
2025-06-06-42,120,120,100,115.61412
2025-06-06-43,116,120,100,116.97612
2025-06-06-44,113,120,100,116.00534
2025-06-06-45,118,120,100,115.05099
2025-06-06-46,111,120,100,115.85419
2025-06-06-47,114,120,99,114.475845
2025-06-06-48,115,119,99,115.099846
2025-06-06-49,115,119,99,115.10354
2025-06-06-50,115,119,99,115.10354
2025-06-09-1,103,119,99,115.10354
2025-06-09-2,113,119,99,112.20015
2025-06-09-3,110,119,99,113.621704
2025-06-09-4,117,119,99,114.48207
2025-06-09-5,110,119,99,114.58964
2025-06-09-6,117,119,99,114.48207
2025-06-09-7,113,119,99,115.49749
2025-06-09-8,113,119,100,114.709724
2025-06-09-9,113,120,100,114.67632
2025-06-09-10,118,120,100,113.96276
2025-06-09-11,112,120,100,115.67248
2025-06-09-12,112,120,100,114.49124
2025-06-09-13,116,120,100,115.21716
2025-06-09-14,112,120,100,116.187164
2025-06-09-15,116,120,100,115.21716
2025-06-09-16,110,120,100,114.915535
2025-06-09-17,120,120,100,114.8233
2025-06-09-18,113,120,101,116.43019
2025-06-09-19,113,120,100,115.19907
2025-06-09-20,112,120,100,115.05099
2025-06-09-21,101,120,101,112.318695
2025-06-09-22,113,120,100,113.01986
2025-06-09-23,116,120,100,115.41416
2025-06-09-24,120,120,100,115.46019
2025-06-09-25,110,120,100,115.88475
2025-06-09-26,115,120,100,114.460434
2025-06-09-27,110,120,100,114.71875
2025-06-09-28,120,120,100,113.73535
2025-06-09-29,110,120,100,116.066505
2025-06-09-30,116,120,100,115.18637
2025-06-09-31,110,120,100,114.915535
2025-06-09-32,118,121,101,115.54967
2025-06-09-33,115,121,101,115.83216
2025-06-09-34,115,121,101,116.14966
2025-06-09-35,105,121,100,116.513336
2025-06-09-36,117,121,100,114.9392
2025-06-09-37,112,121,101,115.85049
2025-06-09-38,117,121,101,116.64921
2025-06-09-39,113,121,101,116.1803
2025-06-09-40,119,121,101,116.846535
2025-06-09-41,114,121,101,116.75644
2025-06-09-42,114,121,101,115.952576
2025-06-09-43,112,121,105,115.22609
2025-06-09-44,114,121,101,116.87799
2025-06-09-45,117,121,101,116.31614
2025-06-09-46,119,121,102,116.907845
2025-06-09-47,114,121,101,117.086464
2025-06-09-48,117,121,101,116.31614
2025-06-09-49,117,121,100,116.907845
2025-06-09-50,116,121,100,116.395905
2025-06-10-1,101,120,101,115.83517
2025-06-10-2,113,121,101,112.838936
2025-06-10-3,118,120,101,116.664566
2025-06-10-4,103,121,101,114.18761
2025-06-10-5,117,121,101,114.330635
2025-06-10-6,116,119,100,117.08986
2025-06-10-7,112,119,103,115.08536
2025-06-10-8,112,120,100,115.64989
2025-06-10-9,114,120,100,115.03561
2025-06-10-10,114,119,106,115.79291
2025-06-10-11,117,120,100,117.39753
2025-06-10-12,119,120,100,116.74827
2025-06-10-13,116,120,100,116.41493
2025-06-10-14,112,120,102,115.27859
2025-06-10-15,117,119,100,116.05838
2025-06-10-16,114,120,100,115.64554
2025-06-10-17,118,119,102,114.88484
2025-06-10-18,117,119,100,116.3205
2025-06-10-19,112,120,101,115.28224
2025-06-10-20,115,120,103,115.365265
2025-06-10-21,115,120,100,117.343925
2025-06-10-22,115,120,100,115.99001
2025-06-10-23,116,119,100,116.35372
2025-06-10-24,110,120,102,113.99708
2025-06-10-25,116,120,100,115.482605
2025-06-10-26,103,120,100,113.827675
2025-06-10-27,114,120,100,113.08376
2025-06-10-28,111,119,100,116.15651
2025-06-10-29,115,120,100,114.82703
2025-06-10-30,117,120,100,115.62653
2025-06-10-31,107,120,99,114.38669
2025-06-10-32,101,120,100,111.19031
2025-06-10-33,114,119,99,112.8717
2025-06-10-34,111,119,100,114.3622
2025-06-10-35,111,118,99,114.282776
2025-06-10-36,114,118,101,113.94161
2025-06-10-37,109,119,99,114.28397
2025-06-10-38,115,118,99,113.56006
2025-06-10-39,115,119,100,114.18444
2025-06-10-40,113,119,99,115.251595
2025-06-10-41,111,119,100,113.98416
2025-06-10-42,109,119,99,113.739006
2025-06-10-43,115,120,100,114.285225
2025-06-10-44,116,119,99,115.80825
2025-06-10-45,116,118,99,115.482185
2025-06-10-46,115,118,99,114.38116
2025-06-10-47,114,119,99,114.54725
2025-06-10-48,115,119,99,114.90661
2025-06-10-49,111,118,99,114.74044
2025-06-10-50,108,119,99,112.67384
2025-06-11-1,105,118,100,113.90708
2025-06-11-2,114,118,100,113.09119
2025-06-11-3,108,118,101,113.23009
2025-06-11-4,118,118,99,114.73571
2025-06-11-5,111,118,99,114.77469
2025-06-11-6,115,118,99,114.12295
2025-06-11-7,115,118,99,113.82186
2025-06-11-8,104,118,100,112.73542
2025-06-11-9,117,118,99,113.437874
2025-06-11-10,111,118,100,114.759384
2025-06-11-11,112,118,100,114.99687
2025-06-11-12,114,119,100,115.01226
2025-06-11-13,115,118,101,115.781296
2025-06-11-14,115,119,99,115.56964
2025-06-11-15,114,118,99,114.92196
2025-06-11-16,114,119,100,114.5319
2025-06-11-17,115,119,99,114.51028
2025-06-11-18,109,118,99,114.0149
2025-06-11-19,117,119,99,113.00493
2025-06-11-20,115,119,99,115.49749
2025-06-11-21,110,119,101,114.55897
2025-06-11-22,115,119,99,115.14126
2025-06-11-23,112,119,100,114.55897
2025-06-11-24,118,118,99,113.75441
2025-06-11-25,111,118,102,114.77469
2025-06-11-26,111,118,99,114.38597
2025-06-11-27,109,118,99,113.03579
2025-06-11-28,118,118,99,114.27349
2025-06-11-29,117,118,99,114.4118
2025-06-11-30,115,118,99,115.84939
2025-06-11-31,115,118,99,114.91026
2025-06-11-32,114,118,99,114.91026
2025-06-11-33,110,117,98,114.71337
2025-06-11-34,108,117,98,112.13666
2025-06-11-35,116,117,98,113.37295
2025-06-11-36,114,117,99,114.94744
2025-06-11-37,107,117,98,113.251175
2025-06-11-38,113,117,98,112.452065
2025-06-11-39,110,117,103,113.631256
2025-06-11-40,114,117,98,114.14448
2025-06-11-41,116,117,98,114.3721
2025-06-11-42,108,117,98,113.677345
2025-06-11-43,113,117,97,112.82954
2025-06-11-44,109,116,98,113.1208
2025-06-11-45,115,117,97,112.65208
2025-06-11-46,116,117,98,114.05798
2025-06-11-47,114,117,97,114.76584
2025-06-11-48,112,116,97,113.4986
2025-06-11-49,109,116,97,112.18837
2025-06-11-50,109,116,97,111.59961
2025-06-12-1,103,116,99,111.41889
2025-06-12-2,107,116,99,110.53896
2025-06-12-3,115,116,98,112.95031
2025-06-12-4,108,116,97,113.10659
2025-06-12-5,115,116,98,112.488556
2025-06-12-6,110,116,99,113.28773
2025-06-12-7,115,117,98,113.54007
2025-06-12-8,117,117,98,114.568954
2025-06-12-9,113,117,98,114.96277
2025-06-12-10,113,117,98,113.631256
2025-06-12-11,111,117,98,114.356735
2025-06-12-12,106,117,98,112.1521
2025-06-12-13,116,117,98,112.97969
2025-06-12-14,111,117,98,113.85862
2025-06-12-15,106,117,98,112.33295
2025-06-12-16,116,117,98,112.43659
2025-06-12-17,116,117,98,114.22135
2025-06-12-18,109,117,98,113.677345
2025-06-12-19,117,117,98,112.844986
2025-06-12-20,116,117,99,114.96277
2025-06-12-21,106,117,98,113.64417
2025-06-12-22,113,117,98,112.7986
2025-06-12-23,117,117,98,114.356735
2025-06-12-24,116,117,100,114.96277
2025-06-12-25,110,117,99,114.880394
2025-06-12-26,113,117,98,113.37071
2025-06-12-27,110,117,97,113.08772
2025-06-12-28,116,116,99,113.255775
2025-06-12-29,106,116,99,113.088936
2025-06-12-30,112,116,97,112.75381
2025-06-12-31,116,116,97,113.45601
2025-06-12-32,116,116,99,114.06155
2025-06-12-33,110,116,97,113.81357
2025-06-12-34,109,116,101,111.79582
2025-06-12-35,116,116,97,113.09645
2025-06-12-36,115,116,98,113.69878
2025-06-12-37,103,116,97,111.6595
2025-06-12-38,113,116,97,110.242676
2025-06-12-39,101,116,97,110.93884
2025-06-12-40,110,116,97,110.211555
2025-06-12-41,116,116,97,113.06274
2025-06-12-42,115,116,97,114.243004
2025-06-12-43,110,116,97,113.32088
2025-06-12-44,114,116,97,111.79582
2025-06-12-45,110,116,97,112.76209
2025-06-12-46,115,116,97,112.881584
2025-06-12-47,112,116,97,113.864784
2025-06-12-48,116,116,98,113.45601
2025-06-12-49,110,115,96,113.48426
2025-06-12-50,111,115,96,112.3595
2025-06-13-1,98,116,97,111.47044
2025-06-13-2,112,116,97,110.16479
2025-06-13-3,113,116,97,112.55028
2025-06-13-4,116,116,97,112.565674
2025-06-13-5,110,116,101,112.430824
2025-06-13-6,105,116,97,112.38831
2025-06-13-7,106,116,97,110.99566
2025-06-13-8,110,116,97,110.83062
2025-06-13-9,113,116,97,111.07308
2025-06-13-10,108,116,97,112.3847
2025-06-13-11,113,117,98,111.94575
2025-06-13-12,114,117,98,112.54468
2025-06-13-13,109,116,97,113.28422
2025-06-13-14,116,116,97,109.43468
2025-06-13-15,101,116,98,111.526794
2025-06-13-16,109,116,97,110.35968
2025-06-13-17,110,116,98,111.78038
2025-06-13-18,112,116,97,112.66751
2025-06-13-19,116,116,96,113.45601
2025-06-13-20,98,116,96,111.7402
2025-06-13-21,112,116,98,108.935326
2025-06-13-22,106,116,96,112.51736
2025-06-13-23,110,116,96,110.8631
2025-06-13-24,104,116,96,110.38352
2025-06-13-25,106,116,96,109.74948
2025-06-13-26,112,116,98,111.22438
2025-06-13-27,110,116,96,113.06046
2025-06-13-28,112,116,96,112.009476
2025-06-13-29,110,116,96,112.04032
2025-06-13-30,110,116,96,111.64777
2025-06-13-31,110,117,98,111.10561
2025-06-13-32,112,117,97,112.86042
2025-06-13-33,109,117,96,112.56217
2025-06-13-34,107,117,98,111.2828
2025-06-13-35,106,117,96,111.36736
2025-06-13-36,112,116,96,111.41706
2025-06-13-37,116,116,96,112.04032
2025-06-13-38,107,117,97,112.10187
2025-06-13-39,115,117,97,111.9422
2025-06-13-40,111,117,98,113.332726
2025-06-13-41,111,117,96,112.694824
2025-06-13-42,113,116,96,112.57975
2025-06-13-43,109,116,96,112.05573
2025-06-13-44,110,116,97,111.45154
2025-06-13-45,105,116,97,111.43434
2025-06-13-46,112,116,97,111.35696
2025-06-13-47,108,116,97,113.45601
2025-06-13-48,105,116,97,110.320274
2025-06-13-49,112,116,97,111.35696
2025-06-13-50,108,116,97,111.826675
2025-06-16-1,109,116,96,110.861595
2025-06-16-2,111,116,96,111.632324
2025-06-16-3,114,116,96,112.56788
2025-06-16-4,113,116,96,113.520065
2025-06-16-5,115,116,96,111.513275
2025-06-16-6,110,116,96,112.62944
2025-06-16-7,114,116,96,112.37141
2025-06-16-8,108,116,96,113.15751
2025-06-16-9,106,116,98,111.43608
2025-06-16-10,108,116,97,111.15928
2025-06-16-11,114,116,96,112.30756
2025-06-16-12,110,116,96,111.89025
2025-06-16-13,106,116,96,110.92501
2025-06-16-14,97,116,96,109.96083
2025-06-16-15,110,116,96,109.09978
2025-06-16-16,108,116,96,110.38352
2025-06-16-17,107,116,101,110.713524
2025-06-16-18,106,116,96,112.341965
2025-06-16-19,113,116,97,110.8631
2025-06-16-20,110,116,96,112.746704
2025-06-16-21,110,117,98,112.37141
2025-06-16-22,107,117,98,111.95586
2025-06-16-23,107,117,97,111.36736
2025-06-16-24,111,117,97,111.76139
2025-06-16-25,112,117,97,112.54676
2025-06-16-26,112,117,97,112.743195
2025-06-16-27,113,117,98,113.10541
2025-06-16-28,112,117,97,113.631256
2025-06-16-29,117,117,97,113.830475
2025-06-16-30,106,117,97,113.00112
2025-06-16-31,111,117,97,111.56513
2025-06-16-32,110,117,98,112.36579
2025-06-16-33,105,117,97,111.41377
2025-06-16-34,108,117,97,110.82711
2025-06-16-35,117,117,97,113.0437
2025-06-16-36,112,117,99,114.08865
2025-06-16-37,111,117,97,113.94523
2025-06-16-38,117,117,98,112.90887
2025-06-16-39,107,117,97,113.330284
2025-06-16-40,112,117,97,111.76139
2025-06-16-41,117,117,97,113.830475
2025-06-16-42,111,117,97,113.907265
2025-06-16-43,107,117,97,111.823204
2025-06-16-44,113,117,97,112.30399
2025-06-16-45,113,117,97,113.30198
2025-06-16-46,97,117,97,110.40966
2025-06-16-47,117,117,98,110.161194
2025-06-16-48,117,117,97,114.59961
2025-06-16-49,111,117,97,113.72593
2025-06-16-50,109,117,97,112.54676
2025-06-17-1,103,117,97,112.87801
2025-06-17-2,114,117,97,111.699356
2025-06-17-3,112,117,97,113.31735
2025-06-17-4,113,117,97,113.830475
2025-06-17-5,114,117,97,114.02725
2025-06-17-6,117,117,97,112.77398
2025-06-17-7,115,117,97,114.81476
2025-06-17-8,111,117,97,113.695244
2025-06-17-9,97,117,97,110.01822
2025-06-17-10,114,117,97,110.3416
2025-06-17-11,114,117,97,113.679886
2025-06-17-12,114,117,98,113.679886
2025-06-17-13,111,117,97,113.64663
2025-06-17-14,114,117,97,113.09
2025-06-17-15,113,117,97,113.4986
2025-06-17-16,113,117,97,113.66451
2025-06-17-17,111,117,97,112.2157
2025-06-17-18,107,117,97,111.823204
2025-06-17-19,115,117,97,112.48498
2025-06-17-20,107,117,97,112.60834
2025-06-17-21,109,117,97,111.76139
2025-06-17-22,115,117,97,112.87801
2025-06-17-23,113,117,98,113.51396
2025-06-17-24,111,117,99,113.631256
2025-06-17-25,111,117,97,113.20501
2025-06-17-26,110,117,97,112.54676
2025-06-17-27,107,117,97,111.62702
2025-06-17-28,117,117,96,112.84709
2025-06-17-29,100,117,98,112.67204
2025-06-17-30,113,117,97,111.07804
2025-06-17-31,113,117,96,113.30198
2025-06-17-32,116,116,96,110.80281
2025-06-17-33,104,116,96,112.10187
2025-06-17-34,106,116,96,110.11012
2025-06-17-35,102,116,96,109.24002
2025-06-17-36,112,116,96,110.80099
2025-06-17-37,98,116,96,109.87346
2025-06-17-38,108,116,96,109.295555
2025-06-17-39,110,116,96,111.43608
2025-06-17-40,111,116,96,110.92501
2025-06-17-41,110,116,96,112.02491
2025-06-17-42,100,116,97,109.84254
2025-06-17-43,113,116,105,110.73737
2025-06-17-44,108,116,96,115.38189
2025-06-17-45,109,116,97,111.255356
2025-06-17-46,97,116,96,110.69658
2025-06-17-47,111,116,96,109.27992
2025-06-17-48,112,115,95,112.386826
2025-06-17-49,113,115,95,112.06131
2025-06-17-50,110,115,95,112.61989
2025-06-18-1,101,114,95,110.94556
2025-06-18-2,110,115,99,108.98982
2025-06-18-3,111,115,95,112.622696
2025-06-18-4,109,115,102,111.684044
2025-06-18-5,108,115,100,112.8708
2025-06-18-6,111,114,95,112.559006
2025-06-18-7,99,114,95,109.14507
2025-06-18-8,112,115,95,109.138824
2025-06-18-9,110,114,95,111.51862
2025-06-18-10,107,114,95,111.29496
2025-06-18-11,111,115,103,110.52587
2025-06-18-12,111,114,95,114.1362
2025-06-18-13,105,115,95,111.3104
2025-06-18-14,106,115,95,109.78515
2025-06-18-15,111,115,97,110.703026
2025-06-18-16,100,114,95,110.71542
2025-06-18-17,108,115,95,108.61406
2025-06-18-18,114,115,95,110.914635
2025-06-18-19,108,115,97,111.73026
2025-06-18-20,106,115,95,111.57216
2025-06-18-21,106,115,95,109.981026
2025-06-18-22,112,114,95,110.703026
2025-06-18-23,112,115,95,111.68748
2025-06-18-24,109,115,97,111.51862
2025-06-18-25,110,114,95,111.587616
2025-06-18-26,111,115,95,110.75288
2025-06-18-27,108,115,97,111.14167
2025-06-18-28,105,115,95,111.57216
2025-06-18-29,112,114,94,110.50693
2025-06-18-30,102,114,94,109.55306
2025-06-18-31,110,114,98,109.21774
2025-06-18-32,109,114,94,111.377716
2025-06-18-33,109,114,94,110.40881
2025-06-18-34,110,114,94,110.58941
2025-06-18-35,112,114,94,110.9662
2025-06-18-36,109,114,96,110.27462
2025-06-18-37,110,114,94,110.88547
2025-06-18-38,113,113,94,110.60486
2025-06-18-39,109,114,94,110.81972
2025-06-18-40,113,114,102,110.95075
2025-06-18-41,110,114,94,113.82567
2025-06-18-42,109,114,95,110.42427
2025-06-18-43,105,115,95,109.65471
2025-06-18-44,103,114,94,109.244385
2025-06-18-45,105,114,94,108.692795
2025-06-18-46,105,114,94,108.72389
2025-06-18-47,111,114,94,109.624985
2025-06-18-48,109,114,94,110.25918
2025-06-18-49,109,114,94,110.22827
2025-06-18-50,108,113,94,110.04779
2025-06-19-1,107,113,94,109.118515
2025-06-19-2,109,113,94,109.64387
2025-06-19-3,111,113,94,110.757996
2025-06-19-4,110,113,104,110.60822
2025-06-19-5,108,113,94,113.52067
2025-06-19-6,113,113,94,109.839745
2025-06-19-7,109,113,94,110.81972
2025-06-19-8,108,113,94,110.757996
2025-06-19-9,109,113,95,110.2007
2025-06-19-10,106,113,97,109.64254
2025-06-19-11,111,113,94,109.71197
2025-06-19-12,108,113,96,110.24707
2025-06-19-13,113,113,94,111.21931
2025-06-19-14,107,113,97,111.36201
2025-06-19-15,107,113,94,110.268456
2025-06-19-16,113,113,94,110.004715
2025-06-19-17,107,113,94,110.45847
2025-06-19-18,111,113,94,110.004715
2025-06-19-19,108,113,96,110.24707
2025-06-19-20,108,113,95,110.316284
2025-06-19-21,109,113,95,110.16823
2025-06-19-22,109,113,94,110.36419
2025-06-19-23,106,113,94,109.31423
2025-06-19-24,109,113,94,109.44802
2025-06-19-25,108,113,94,110.035675
2025-06-19-26,104,113,99,108.93835
2025-06-19-27,113,113,94,110.69865
2025-06-19-28,109,113,94,110.81972
2025-06-19-29,108,113,94,110.757996
2025-06-19-30,106,113,94,109.65936
2025-06-19-31,108,113,94,108.90733
2025-06-19-32,107,113,94,109.839745
2025-06-19-33,106,113,94,110.004715
2025-06-19-34,113,113,94,109.26774
2025-06-19-35,111,113,100,111.18119
2025-06-19-36,110,113,95,112.58134
2025-06-19-37,106,113,95,109.83833
2025-06-19-38,104,113,94,109.41579
2025-06-19-39,109,113,94,109.23669
2025-06-19-40,111,113,94,110.39671
2025-06-19-41,108,113,94,110.24707
2025-06-19-42,105,113,95,109.298744
2025-06-19-43,113,113,94,109.76089
2025-06-19-44,104,113,96,110.097435
2025-06-19-45,101,113,95,108.09255
2025-06-19-46,112,113,94,109.51837
2025-06-19-47,108,113,94,110.44305
2025-06-19-48,105,113,96,109.118515
2025-06-19-49,112,113,94,109.548355
2025-06-19-50,106,113,96,110.985016
2025-06-20-1,108,112,94,110.104866
2025-06-20-2,112,112,97,110.188576
2025-06-20-3,112,112,95,111.9595
2025-06-20-4,112,112,94,111.30172
2025-06-20-5,110,112,94,110.61154
2025-06-20-6,108,112,96,110.40006
2025-06-20-7,111,112,95,109.40243
2025-06-20-8,104,112,94,109.66127
2025-06-20-9,112,112,98,109.04425
2025-06-20-10,106,112,96,111.56512
2025-06-20-11,110,112,96,110.4537
2025-06-20-12,110,112,94,111.23814
2025-06-20-13,112,112,96,108.957085
2025-06-20-14,107,112,95,110.9076
2025-06-20-15,111,112,96,110.14061
2025-06-20-16,112,112,94,111.07284
2025-06-20-17,108,112,96,110.06986
2025-06-20-18,112,112,94,110.123695
2025-06-20-19,106,112,94,110.06986
2025-06-20-20,112,112,95,109.796616
2025-06-20-21,112,112,96,111.30172
2025-06-20-22,106,112,96,110.54644
2025-06-20-23,112,112,94,110.4537
2025-06-20-24,112,112,94,110.972946
2025-06-20-25,103,112,96,109.348404
2025-06-20-26,112,112,95,109.5051
2025-06-20-27,107,112,94,110.21789
2025-06-20-28,111,113,94,109.81211
2025-06-20-29,98,113,94,108.44466
2025-06-20-30,94,112,94,106.0865
2025-06-20-31,111,112,95,107.44807
2025-06-20-32,112,113,94,111.10554
2025-06-20-33,106,113,95,109.90158
2025-06-20-34,113,113,95,109.41579
2025-06-20-35,112,113,94,111.690865
2025-06-20-36,96,113,96,108.280205
2025-06-20-37,110,113,94,108.32749
2025-06-20-38,106,113,95,109.6903
2025-06-20-39,106,113,94,109.776405
2025-06-20-40,113,113,95,109.98922
2025-06-20-41,109,113,94,110.60648
2025-06-20-42,111,113,94,110.21617
2025-06-20-43,102,113,94,109.88614
2025-06-20-44,110,113,96,108.84515
2025-06-20-45,111,113,94,111.611786
2025-06-20-46,100,113,94,109.34516
2025-06-20-47,112,113,96,108.813995
2025-06-20-48,110,113,94,111.46181
2025-06-20-49,98,113,95,110.41218
2025-06-20-50,101,112,94,106.77287
2025-06-23-1,108,113,95,106.12101
2025-06-23-2,104,113,94,109.26657
2025-06-23-3,109,113,94,109.05645
2025-06-23-4,109,113,94,109.31423
2025-06-23-5,110,113,95,110.21617
2025-06-23-6,110,113,95,110.560196
2025-06-23-7,103,113,95,109.29753
2025-06-23-8,110,113,94,109.18895
2025-06-23-9,109,113,95,110.23163
2025-06-23-10,110,113,95,110.54474
2025-06-23-11,109,113,95,110.7408
2025-06-23-12,109,113,95,110.36419
2025-06-23-13,109,113,94,111.08672
2025-06-23-14,111,112,94,110.39671
2025-06-23-15,109,113,95,110.415504
2025-06-23-16,110,112,94,110.54474
2025-06-23-17,106,113,95,109.85853
2025-06-23-18,108,113,95,109.776405
2025-06-23-19,110,113,96,110.348724
2025-06-23-20,105,113,95,109.80608
2025-06-23-21,109,113,95,109.22004
2025-06-23-22,108,113,95,110.18369
2025-06-23-23,109,113,95,110.16823
2025-06-23-24,108,113,95,110.36419
2025-06-23-25,106,113,95,109.98778
2025-06-23-26,106,113,95,109.23556
2025-06-23-27,111,113,95,110.137245
2025-06-23-28,110,113,95,110.93689
2025-06-23-29,110,113,95,110.7408
2025-06-23-30,108,113,95,110.560196
2025-06-23-31,110,113,95,110.89055
2025-06-23-32,108,112,94,110.560196
2025-06-23-33,107,112,94,109.286545
2025-06-23-34,109,112,94,109.45135
2025-06-23-35,106,112,94,108.94161
2025-06-23-36,109,112,93,109.0753
2025-06-23-37,95,112,93,107.8935
2025-06-23-38,108,112,93,106.417305
2025-06-23-39,108,112,93,109.86006
2025-06-23-40,112,112,93,108.23786
2025-06-23-41,106,112,93,109.56102
2025-06-23-42,108,112,94,108.747086
2025-06-23-43,103,112,94,108.3859
2025-06-23-44,109,112,95,107.40891
2025-06-23-45,106,112,95,109.8107
2025-06-23-46,109,112,94,109.04317
2025-06-23-47,108,112,97,109.482315
2025-06-23-48,109,112,94,110.27178
2025-06-23-49,106,112,93,109.12179
2025-06-23-50,109,112,94,109.4682
2025-06-24-1,111,113,93,109.66267
2025-06-24-2,111,113,93,110.46024
2025-06-24-3,106,111,93,109.91859
2025-06-24-4,99,113,93,106.93581
2025-06-24-5,111,113,93,108.11011
2025-06-24-6,110,113,93,110.46024
2025-06-24-7,108,113,93,109.72269
2025-06-24-8,108,113,93,109.51135
2025-06-24-9,110,113,93,109.69174
2025-06-24-10,107,112,93,108.64119
2025-06-24-11,110,113,93,109.30334
2025-06-24-12,110,113,93,110.08363
2025-06-24-13,110,113,93,108.64119
2025-06-24-14,109,113,93,109.90314
2025-06-24-15,111,112,93,107.90582
2025-06-24-16,111,112,94,109.0047
2025-06-24-17,106,113,93,109.69358
2025-06-24-18,111,113,94,109.480354
2025-06-24-19,108,112,93,110.24707
2025-06-24-20,109,113,93,109.67959
2025-06-24-21,106,113,98,110.06818
2025-06-24-22,105,113,93,109.49973
2025-06-24-23,107,112,93,108.383575
2025-06-24-24,111,113,93,109.483696
2025-06-24-25,107,113,93,109.557755
2025-06-24-26,102,113,93,108.05467
2025-06-24-27,111,113,93,108.69713
2025-06-24-28,108,113,93,109.91859
2025-06-24-29,111,113,93,109.15073
2025-06-24-30,110,113,93,110.46024
2025-06-24-31,107,113,93,109.72269
2025-06-24-32,105,113,94,108.414635
2025-06-24-33,106,113,93,108.71168
2025-06-24-34,110,113,93,108.93948
2025-06-24-35,106,112,93,109.5423
2025-06-24-36,106,113,93,108.56694
2025-06-24-37,109,113,93,109.11971
2025-06-24-38,100,113,93,107.90582
2025-06-24-39,100,113,93,105.96971
2025-06-24-40,107,113,93,108.485825
2025-06-24-41,98,113,93,107.51517
2025-06-24-42,111,113,93,107.91451
2025-06-24-43,107,113,93,109.738144
2025-06-24-44,108,112,93,108.23463
2025-06-24-45,109,113,93,107.87799
2025-06-24-46,110,113,93,109.88767
2025-06-24-47,111,113,93,110.26419
2025-06-24-48,109,112,93,110.27963
2025-06-24-49,106,112,93,108.97377
2025-06-24-50,106,112,93,107.48728
2025-06-25-1,96,113,95,109.10753
2025-06-25-2,107,113,95,108.17937
2025-06-25-3,109,113,95,109.0709
2025-06-25-4,111,113,94,110.36419
2025-06-25-5,103,113,94,109.16495
2025-06-25-6,102,113,95,109.0409
2025-06-25-7,110,113,95,109.17339
2025-06-25-8,105,113,94,109.477745
2025-06-25-9,110,113,94,109.25222
2025-06-25-10,108,113,94,110.41218
2025-06-25-11,107,113,94,110.020195
2025-06-25-12,110,113,96,110.004715
2025-06-25-13,110,113,94,111.069496
2025-06-25-14,113,113,97,110.05113
2025-06-25-15,109,113,95,111.806076
2025-06-25-16,108,113,95,110.18369
2025-06-25-17,95,113,95,109.0864
2025-06-25-18,107,113,95,107.62411
2025-06-25-19,105,113,94,109.79191
2025-06-25-20,104,113,94,108.3516
2025-06-25-21,102,113,94,106.89797
2025-06-25-22,111,113,94,107.7652
2025-06-25-23,105,113,97,109.705765
2025-06-25-24,107,113,94,109.876724
2025-06-25-25,110,113,94,109.824265
2025-06-25-26,110,113,94,110.773445
2025-06-25-27,109,113,94,110.41218
2025-06-25-28,109,113,94,110.035675
2025-06-25-29,103,113,93,109.134
2025-06-25-30,108,113,93,108.35248
2025-06-25-31,105,113,94,109.69174
2025-06-25-32,107,113,94,109.07198
2025-06-25-33,109,114,94,109.824265
2025-06-25-34,108,113,94,110.22827
2025-06-25-35,109,114,94,109.839745
2025-06-25-36,113,114,94,110.22827
2025-06-25-37,111,114,95,111.91677
2025-06-25-38,111,114,95,111.3104
2025-06-25-39,109,114,95,110.94896
2025-06-25-40,110,114,95,110.55682
2025-06-25-41,111,114,95,111.11422
2025-06-25-42,108,114,95,110.76831
2025-06-25-43,103,114,96,109.45896
2025-06-25-44,109,114,96,109.7097
2025-06-25-45,101,114,96,109.98309
2025-06-25-46,106,114,97,108.23793
2025-06-25-47,113,114,96,110.08471
2025-06-25-48,108,114,96,111.48925
2025-06-25-49,109,114,96,110.68941
2025-06-25-50,112,114,96,111.246796
2025-06-26-1,113,114,94,110.57069
2025-06-26-2,103,114,94,110.47057
2025-06-26-3,106,113,94,108.87291
2025-06-26-4,108,113,94,109.628365
2025-06-26-5,112,113,94,108.57818
2025-06-26-6,109,114,94,110.62365
2025-06-26-7,106,114,94,109.68699
2025-06-26-8,103,113,94,108.55939
2025-06-26-9,103,113,94,108.860725
2025-06-26-10,106,114,94,108.68059
2025-06-26-11,96,114,94,107.30064
2025-06-26-12,112,114,94,108.403496
2025-06-26-13,112,114,94,111.35863
2025-06-26-14,111,113,94,111.35863
2025-06-26-15,110,114,95,110.60822
2025-06-26-16,112,113,94,110.93352
2025-06-26-17,111,114,94,110.44305
2025-06-26-18,112,114,94,111.1624
2025-06-26-19,101,114,94,108.8324
2025-06-26-20,103,114,94,108.12162
2025-06-26-21,108,113,94,108.87291
2025-06-26-22,108,114,94,109.118515
2025-06-26-23,112,113,94,109.130714
2025-06-26-24,111,113,94,110.985016
2025-06-26-25,106,114,94,109.88614
2025-06-26-26,106,114,94,109.099686
2025-06-26-27,106,114,94,109.460175
2025-06-26-28,108,114,94,109.820885
2025-06-26-29,106,114,94,110.57394
2025-06-26-30,110,114,94,110.00132
2025-06-26-31,108,114,94,110.9662
2025-06-26-32,110,114,94,110.2128
2025-06-26-33,113,114,94,111.146965
2025-06-26-34,112,114,94,111.55489
2025-06-26-35,108,114,94,110.635735
2025-06-26-36,108,113,94,110.03231
2025-06-26-37,101,114,94,108.75823
2025-06-26-38,108,113,95,107.94173
2025-06-26-39,109,114,94,109.98778
2025-06-26-40,112,114,94,110.77005
2025-06-26-41,112,114,94,111.35863
2025-06-26-42,103,114,94,110.27462
2025-06-26-43,109,114,94,109.05307
2025-06-26-44,112,114,94,110.77005
2025-06-26-45,112,114,94,111.35863
2025-06-26-46,111,113,94,111.35863
2025-06-26-47,106,113,94,109.88614
2025-06-26-48,106,113,94,108.90733
2025-06-26-49,109,114,94,109.80876
2025-06-26-50,102,114,94,109.68699
2025-06-27-1,106,113,93,109.21774
2025-06-27-2,106,112,95,108.39912
2025-06-27-3,105,112,93,108.86303
2025-06-27-4,108,112,94,108.55142
2025-06-27-5,100,112,93,107.84619
2025-06-27-6,112,112,93,107.573654
2025-06-27-7,112,112,93,109.02015
2025-06-27-8,105,112,93,109.56102
2025-06-27-9,110,112,94,109.272316
2025-06-27-10,96,112,93,108.5969
2025-06-27-11,109,112,93,106.97181
2025-06-27-12,107,112,93,109.33431
2025-06-27-13,105,112,94,108.402374
2025-06-27-14,107,112,93,109.05978
2025-06-27-15,109,112,93,109.12303
2025-06-27-16,109,112,95,109.51466
2025-06-27-17,106,112,95,109.8107
2025-06-27-18,108,112,99,109.22335
2025-06-27-19,109,112,93,111.290146
2025-06-27-20,111,112,93,109.154015
2025-06-27-21,105,112,93,108.82453
2025-06-27-22,111,112,94,109.09201
2025-06-27-23,109,112,93,110.23494
2025-06-27-24,108,112,93,108.79359
2025-06-27-25,109,112,93,109.318825
2025-06-27-26,108,112,93,109.33431
2025-06-27-27,107,112,93,109.318825
2025-06-27-28,112,112,94,109.66411
2025-06-27-29,107,112,93,110.06986
2025-06-27-30,106,112,93,108.402374
2025-06-27-31,107,112,94,108.56694
2025-06-27-32,107,112,95,108.730484
2025-06-27-33,112,112,93,110.32112
2025-06-27-34,107,112,93,109.74142
2025-06-27-35,107,112,95,108.76259
2025-06-27-36,112,112,93,109.59939
2025-06-27-37,112,112,94,109.74142
2025-06-27-38,108,112,93,110.43093
2025-06-27-39,112,113,93,109.13853
2025-06-27-40,113,113,95,110.11451
2025-06-27-41,107,113,94,110.78708
2025-06-27-42,106,113,93,109.28324
2025-06-27-43,112,112,93,109.66075
2025-06-27-44,101,113,94,109.02015
2025-06-27-45,112,113,94,108.64945
2025-06-27-46,110,113,94,110.62365
2025-06-27-47,113,113,95,110.95416
2025-06-27-48,113,113,94,110.96772
2025-06-27-49,112,113,94,109.917015
2025-06-27-50,108,113,95,110.804306
2025-06-30-1,103,113,93,110.529274
2025-06-30-2,107,113,93,108.532555
2025-06-30-3,106,112,93,108.77482
2025-06-30-4,108,113,93,108.92728
2025-06-30-5,109,113,93,109.51135
2025-06-30-6,108,113,93,110.42935
2025-06-30-7,95,112,93,106.9917
2025-06-30-8,104,113,93,106.05835
2025-06-30-9,111,113,93,109.08867
2025-06-30-10,105,112,93,109.738144
2025-06-30-11,110,113,93,108.37133
2025-06-30-12,106,113,93,109.36196
2025-06-30-13,109,112,93,109.480354
2025-06-30-14,104,113,93,108.79359
2025-06-30-15,93,112,93,105.85292
2025-06-30-16,105,113,93,105.66821
2025-06-30-17,108,113,93,108.743774
2025-06-30-18,108,113,93,109.33101
2025-06-30-19,109,113,93,109.51135
2025-06-30-20,108,113,96,109.52683
2025-06-30-21,105,113,93,109.594864
2025-06-30-22,111,112,93,109.28449
2025-06-30-23,105,113,93,109.18494
2025-06-30-24,107,112,93,108.56365
2025-06-30-25,105,113,93,108.58245
2025-06-30-26,111,113,94,109.464836
2025-06-30-27,110,113,93,110.42763
2025-06-30-28,108,113,93,110.26419
2025-06-30-29,111,113,93,108.9705
2025-06-30-30,111,113,93,109.377426
2025-06-30-31,111,112,93,110.64091
2025-06-30-32,106,113,93,109.54558
2025-06-30-33,109,113,93,109.11971
2025-06-30-34,111,112,93,109.70723
2025-06-30-35,110,113,93,109.54558
2025-06-30-36,108,112,93,109.90314
2025-06-30-37,111,113,93,109.67959
2025-06-30-38,106,113,93,109.738144
2025-06-30-39,107,113,93,108.93948
2025-06-30-40,108,113,93,109.31552
2025-06-30-41,109,113,95,108.79032
2025-06-30-42,109,112,95,110.906006
2025-06-30-43,109,113,93,109.8107
2025-06-30-44,105,113,93,110.06818
2025-06-30-45,104,113,93,108.20356
2025-06-30-46,111,113,93,109.08867
2025-06-30-47,111,113,93,109.738144
2025-06-30-48,105,113,93,109.377426
2025-06-30-49,109,113,93,108.743774
2025-06-30-50,107,113,94,109.52683
2025-07-01-1,94,113,94,109.824265
2025-07-01-2,104,114,94,106.20315
2025-07-01-3,98,114,94,106.91035
2025-07-01-4,100,114,94,106.45766
2025-07-01-5,111,114,94,108.82617
2025-07-01-6,108,114,94,111.34321
2025-07-01-7,111,113,98,110.39333
2025-07-01-8,110,114,94,111.92334
2025-07-01-9,105,113,96,109.882835
2025-07-01-10,106,114,94,109.368126
2025-07-01-11,110,113,93,109.820885
2025-07-01-12,108,113,93,109.72269
2025-07-01-13,109,113,93,109.51135
2025-07-01-14,108,112,93,109.70723
2025-07-01-15,108,113,93,109.13853
2025-07-01-16,106,113,93,109.51135
2025-07-01-17,107,114,96,108.57918
2025-07-01-18,110,114,94,110.31291
2025-07-01-19,106,113,94,110.24373
2025-07-01-20,108,114,94,109.26774
2025-07-01-21,106,114,94,109.49119
2025-07-01-22,110,113,94,108.379395
2025-07-01-23,108,113,93,110.05113
2025-07-01-24,110,113,94,109.69174
2025-07-01-25,110,113,94,110.41218
2025-07-01-26,106,114,94,109.6903
2025-07-01-27,110,114,101,109.820885
2025-07-01-28,107,114,95,112.36435
2025-07-01-29,102,113,95,108.54299
2025-07-01-30,109,114,93,109.17339
2025-07-01-31,110,114,95,109.35866
2025-07-01-32,101,113,94,109.48993
2025-07-01-33,108,114,96,109.19002
2025-07-01-34,110,114,95,111.412094
2025-07-01-35,110,114,94,110.75288
2025-07-01-36,104,114,94,110.42427
2025-07-01-37,110,114,94,109.97028
2025-07-01-38,109,114,95,110.063255
2025-07-01-39,111,114,94,111.098755
2025-07-01-40,109,113,98,110.80094
2025-07-01-41,110,113,93,111.530914
2025-07-01-42,107,112,93,109.5423
2025-07-01-43,107,113,93,108.76259
2025-07-01-44,110,113,93,108.954994
2025-07-01-45,108,113,93,109.36196
2025-07-01-46,109,113,93,110.052704
2025-07-01-47,109,113,93,109.88767
2025-07-01-48,109,113,93,109.70723
2025-07-01-49,107,113,93,109.3465
2025-07-01-50,98,113,93,107.335434
